sim/aircraft/view/acf_livery_index	F	0x34	movl		ro
sim/atc/com1_rx_override	0x1461020e0	0xb124	movl		rw
sim/atc/com1_tx_override	0x1461020e0	0xb11c	movl		rw
sim/atc/com2_rx_override	0x1461020e0	0xb128	movl		rw
sim/atc/com2_tx_override	0x1461020e0	0xb120	movl		rw
sim/atc/company_msg	0x1461020e0	0xb12c	movl		ro
sim/cockpit/autopilot/airspeed	0x1461020e0	0x7bbc	movss		rw
sim/cockpit/autopilot/airspeed_is_mach	0x1461020e0	0x7c68	movl		rw
sim/cockpit/autopilot/altitude	0x1461020e0	0x7bd8	movss		rw
sim/cockpit/autopilot/autopilot_mode	0x1461020e0	0x7ba8	movl		rw
sim/cockpit/autopilot/backcourse_on	0x1461020e0	0x7cbc	movl		rw
sim/cockpit/autopilot/current_altitude	0x1461020e0	0x7be0	movss		rw
sim/cockpit/autopilot/heading_mag	0x1461020e0	0x7bc4	movss		rw
sim/cockpit/autopilot/heading_mag2	0x1461020e0	0x7bc8	movss		rw
sim/cockpit/autopilot/nav_steer_deg_mag	0x1461020e0	0x7b70	movss		rw
sim/cockpit/autopilot/syn_hold_deg	0x1461020e0	0x7be4	movss		rw
sim/cockpit/autopilot/vertical_velocity	0x1461020e0	0x7bd0	movss		rw
sim/cockpit/avidyne/alt_hil	0x1461020e0	0xae38	movl		rw
sim/cockpit/avidyne/hsi_mode	0x1461020e0	0xaea0	movl		rw
sim/cockpit/avidyne/lft_hil	0x1461020e0	0xae30	movl		rw
sim/cockpit/avidyne/map_range_sel	0x1461020e0	0xae3c	movl		rw
sim/cockpit/avidyne/rgt_hil	0x1461020e0	0xae34	movl		rw
sim/cockpit/electrical/avionics_on	F	0x55c	movl		rw
sim/cockpit/electrical/battery_on	F	0x764	movl		rw
sim/cockpit/electrical/beacon_lights_on	F	0x860	movl		rw
sim/cockpit/electrical/cockpit_lights	0x1461020e0	0x6ef0	movss		rw
sim/cockpit/electrical/generator_apu_amps	F	0x754	movss		rw
sim/cockpit/electrical/generator_apu_on	F	0x6f0	movl		rw
sim/cockpit/electrical/gpu_amps	F	0x750	movss		rw
sim/cockpit/electrical/gpu_on	F	0x6ec	movl		rw
sim/cockpit/electrical/HUD_brightness	0x1461020e0	0x6de4	movss		rw
sim/cockpit/electrical/HUD_on	0x1461020e0	0x6de0	movl		rw
sim/cockpit/electrical/instrument_brightness	0x1461020e0	0x6df0	movss		rw
sim/cockpit/electrical/nav_lights_on	F	0x858	movl		rw
sim/cockpit/electrical/strobe_lights_on	F	0x868	movl		rw
sim/cockpit/electrical/taxi_light_on	F	0x870	movl		rw
sim/cockpit/engine/APU_N1	F	0x6490	movss		rw
sim/cockpit/engine/APU_running	F	0x6488	movl		rw
sim/cockpit/engine/APU_switch	F	0x6484	movl		rw
sim/cockpit/engine/clutch_engage	F	0xbcf0	movl		rw
sim/cockpit/engine/fuel_tank_selector	F	0xbc98	movl		rw
sim/cockpit/engine/fuel_tank_transfer	F	0xbca0	movl		rw
sim/cockpit/engine/fuel_tank_transfer_from	F	0xbca4	movl		rw
sim/cockpit/g1000/g1000_n1_overlay	0x1461020e0	0xb054	movl		ro
sim/cockpit/g1000/g1000_n2_eis	0x1461020e0	0xb060	movl		ro
sim/cockpit/g1000/g1000_n2_overlay	0x1461020e0	0xb058	movl		ro
sim/cockpit/g1000/gcu478_input_sel	0x1461020e0	0xaed4	movl		rw
sim/cockpit/gyros/dg_drift_ahars_deg	0x1461020e0	0x6b20	movss		rw
sim/cockpit/gyros/dg_drift_ahars2_deg	0x1461020e0	0x6b40	movss		rw
sim/cockpit/gyros/dg_drift_ele_deg	0x1461020e0	0x6b60	movss		rw
sim/cockpit/gyros/dg_drift_ele2_deg	0x1461020e0	0x6b80	movss		rw
sim/cockpit/gyros/dg_drift_vac_deg	0x1461020e0	0x6ba0	movss		rw
sim/cockpit/gyros/dg_drift_vac2_deg	0x1461020e0	0x6bc0	movss		rw
sim/cockpit/gyros/phi_ele_ind_deg	0x1461020e0	0x6c5c	movss		rw
sim/cockpit/gyros/phi_ind_ahars_copilot_deg	0x1461020e0	0x6c4c	movss		rw
sim/cockpit/gyros/phi_ind_ahars_pilot_deg	0x1461020e0	0x6c48	movss		rw
sim/cockpit/gyros/phi_ind_deg3	0x1461020e0	0x6c50	movss		rw
sim/cockpit/gyros/phi_ind_deg4	0x1461020e0	0x6c54	movss		rw
sim/cockpit/gyros/phi_ind_elec_copilot_deg	0x1461020e0	0x6c54	movss		rw
sim/cockpit/gyros/phi_ind_elec_pilot_deg	0x1461020e0	0x6c50	movss		rw
sim/cockpit/gyros/phi_ind_vac_copilot_deg	0x1461020e0	0x6c5c	movss		rw
sim/cockpit/gyros/phi_ind_vac_pilot_deg	0x1461020e0	0x6c58	movss		rw
sim/cockpit/gyros/phi_vac_ind_deg	0x1461020e0	0x6c58	movss		rw
sim/cockpit/gyros/psi_ele_ind_degm	0x1461020e0	0x6c2c	movss		rw
sim/cockpit/gyros/psi_ind_ahars_copilot_degm	0x1461020e0	0x6c1c	movss		rw
sim/cockpit/gyros/psi_ind_ahars_pilot_degm	0x1461020e0	0x6c18	movss		rw
sim/cockpit/gyros/psi_ind_degm3	0x1461020e0	0x6c20	movss		rw
sim/cockpit/gyros/psi_ind_degm4	0x1461020e0	0x6c24	movss		rw
sim/cockpit/gyros/psi_ind_elec_copilot_degm	0x1461020e0	0x6c24	movss		rw
sim/cockpit/gyros/psi_ind_elec_pilot_degm	0x1461020e0	0x6c20	movss		rw
sim/cockpit/gyros/psi_ind_vac_copilot_degm	0x1461020e0	0x6c2c	movss		rw
sim/cockpit/gyros/psi_ind_vac_pilot_degm	0x1461020e0	0x6c28	movss		rw
sim/cockpit/gyros/psi_vac_ind_degm	0x1461020e0	0x6c28	movss		rw
sim/cockpit/gyros/the_ele_ind_deg	0x1461020e0	0x6c44	movss		rw
sim/cockpit/gyros/the_ind_ahars_copilot_deg	0x1461020e0	0x6c34	movss		rw
sim/cockpit/gyros/the_ind_ahars_pilot_deg	0x1461020e0	0x6c30	movss		rw
sim/cockpit/gyros/the_ind_deg3	0x1461020e0	0x6c38	movss		rw
sim/cockpit/gyros/the_ind_deg4	0x1461020e0	0x6c3c	movss		rw
sim/cockpit/gyros/the_ind_elec_copilot_deg	0x1461020e0	0x6c3c	movss		rw
sim/cockpit/gyros/the_ind_elec_pilot_deg	0x1461020e0	0x6c38	movss		rw
sim/cockpit/gyros/the_ind_vac_copilot_deg	0x1461020e0	0x6c44	movss		rw
sim/cockpit/gyros/the_ind_vac_pilot_deg	0x1461020e0	0x6c40	movss		rw
sim/cockpit/gyros/the_vac_ind_deg	0x1461020e0	0x6c40	movss		rw
sim/cockpit/misc/ah_adjust	0x1461020e0	0x6a90	movss		rw
sim/cockpit/misc/ah_adjust2	0x1461020e0	0x6a94	movss		rw
sim/cockpit/misc/barometer_setting	0x1461020e0	0x6a98	movss		rw
sim/cockpit/misc/barometer_setting2	0x1461020e0	0x6a9c	movss		rw
sim/cockpit/misc/compass_indicated	0x1461020e0	0x6db8	movss		rw
sim/cockpit/misc/hydraulic_quantity	F	0xbe2c	movss		rw
sim/cockpit/misc/hydraulic_quantity2	F	0xbe30	movss		rw
sim/cockpit/misc/hydraulic_quantity3	F	0xbe34	movss		rw
sim/cockpit/misc/inner_marker_lit	0x1461020e0	0xaf18	movl		ro
sim/cockpit/misc/middle_marker_lit	0x1461020e0	0xaf14	movl		ro
sim/cockpit/misc/outer_marker_lit	0x1461020e0	0xaf10	movl		ro
sim/cockpit/misc/radio_altimeter_minimum	0x1461020e0	0x6ac0	movss		rw
sim/cockpit/misc/vacuum	0x1461020e0	0x6ad0	movss		rw
sim/cockpit/misc/vacuum2	0x1461020e0	0x6ad4	movss		rw
sim/cockpit/pressure/cabin_altitude_actual_ft	F	0xbd74	movss		rw
sim/cockpit/pressure/cabin_altitude_set_ft	F	0xbd6c	movss		rw
sim/cockpit/pressure/cabin_pressure_differential_psi	F	0xbd7c	movss		rw
sim/cockpit/pressure/cabin_vvi_actual_fpm	F	0xbd78	movss		rw
sim/cockpit/pressure/cabin_vvi_set_m_fpm	F	0xbd70	movss		rw
sim/cockpit/pressure/dump_all	F	0xbd64	movl		rw
sim/cockpit/pressure/dump_to_alt	F	0xbd60	movl		rw
sim/cockpit/pressure/max_allowable_altitude	F	0xbd80	movss		rw
sim/cockpit/pressure/outflow_valve	F	0xbd88	movss		rw
sim/cockpit/pressure/pressure_test_timeout	F	0xbd68	movss		rw
sim/cockpit/radios/adf1_cardinal_dir	0x1461020e0	0x9508	movss		rw
sim/cockpit/radios/adf1_cardinal_dir2	0x1461020e0	0x950c	movss		rw
sim/cockpit/radios/adf1_dir_degt	0x1461020e0	0x8ee4	movss		rw
sim/cockpit/radios/adf1_dme_dist_m	0x1461020e0	0x9654	movss		rw
sim/cockpit/radios/adf1_dme_speed_kts	0x1461020e0	0x9698	movss		rw
sim/cockpit/radios/adf1_dme_time_secs	0x1461020e0	0x96dc	movss		rw
sim/cockpit/radios/adf1_freq_hz	0x1461020e0	0x8760	movl		rw
sim/cockpit/radios/adf1_has_dme	0x1461020e0	0x89d8	movl		rw
sim/cockpit/radios/adf1_stdby_freq_hz	0x1461020e0	0x87a4	movl		rw
sim/cockpit/radios/adf2_cardinal_dir	0x1461020e0	0x9510	movss		rw
sim/cockpit/radios/adf2_cardinal_dir2	0x1461020e0	0x9514	movss		rw
sim/cockpit/radios/adf2_dir_degt	0x1461020e0	0x8ee8	movss		rw
sim/cockpit/radios/adf2_dme_dist_m	0x1461020e0	0x9658	movss		rw
sim/cockpit/radios/adf2_dme_speed_kts	0x1461020e0	0x969c	movss		rw
sim/cockpit/radios/adf2_dme_time_secs	0x1461020e0	0x96e0	movss		rw
sim/cockpit/radios/adf2_freq_hz	0x1461020e0	0x8764	movl		rw
sim/cockpit/radios/adf2_has_dme	0x1461020e0	0x89dc	movl		rw
sim/cockpit/radios/adf2_stdby_freq_hz	0x1461020e0	0x87a8	movl		rw
sim/cockpit/radios/dme_dir_degt	0x1461020e0	0x8ef4	movss		ro
sim/cockpit/radios/dme_freq_hz	0x1461020e0	0x8770	movl		rw
sim/cockpit/radios/dme_stdby_freq_hz	0x1461020e0	0x87b4	movl		rw
sim/cockpit/radios/dme5_has_dme	0x1461020e0	0x89e8	movl		rw
sim/cockpit/radios/gear_audio_working	0x1461020e0	0x6f0c	movl		rw
sim/cockpit/radios/gps_cdi_sensitivity	0x1461020e0	0xb0fc	movl		ro
sim/cockpit/radios/gps_course_degtm	0x1461020e0	0x95a0	movss		rw
sim/cockpit/radios/gps_course_degtm2	0x1461020e0	0x95a4	movss		rw
sim/cockpit/radios/gps_dir_degt	0x1461020e0	0x8eec	movss		rw
sim/cockpit/radios/gps_dme_dist_m	0x1461020e0	0x965c	movss		rw
sim/cockpit/radios/gps_dme_speed_kts	0x1461020e0	0x96a0	movss		rw
sim/cockpit/radios/gps_dme_time_secs	0x1461020e0	0x96e4	movss		rw
sim/cockpit/radios/gps_fromto	0x1461020e0	0x9050	movl		rw
sim/cockpit/radios/gps_fromto2	0x1461020e0	0x9054	movl		rw
sim/cockpit/radios/gps_gp_mtr_per_dot	0x1461020e0	0x8ddc	movss		rw
sim/cockpit/radios/gps_has_dme	0x1461020e0	0x89e0	movl		rw
sim/cockpit/radios/gps_has_glideslope	0x1461020e0	0x8d98	movl		rw
sim/cockpit/radios/gps_hdef_dot	0x1461020e0	0x90d8	movss		rw
sim/cockpit/radios/gps_hdef_dot2	0x1461020e0	0x90dc	movss		rw
sim/cockpit/radios/gps_hdef_nm_per_dot	0x1461020e0	0x8ffc	movss		rw
sim/cockpit/radios/gps_obs_degm	0x1461020e0	0x9490	movss		rw
sim/cockpit/radios/gps_obs_degm2	0x1461020e0	0x9494	movss		rw
sim/cockpit/radios/gps_sequencing	0x1461020e0	0xb104	movl		ro
sim/cockpit/radios/gps_vdef_dot	0x1461020e0	0x9160	movss		rw
sim/cockpit/radios/gps_vdef_dot2	0x1461020e0	0x9164	movss		rw
sim/cockpit/radios/gps2_cdi_sensitivity	0x1461020e0	0xb100	movl		ro
sim/cockpit/radios/gps2_course_degtm	0x1461020e0	0x95a8	movss		rw
sim/cockpit/radios/gps2_course_degtm2	0x1461020e0	0x95ac	movss		rw
sim/cockpit/radios/gps2_dir_degt	0x1461020e0	0x8ef0	movss		rw
sim/cockpit/radios/gps2_dme_dist_m	0x1461020e0	0x9660	movss		rw
sim/cockpit/radios/gps2_dme_speed_kts	0x1461020e0	0x96a4	movss		rw
sim/cockpit/radios/gps2_dme_time_secs	0x1461020e0	0x96e8	movss		rw
sim/cockpit/radios/gps2_fromto	0x1461020e0	0x9058	movl		rw
sim/cockpit/radios/gps2_fromto2	0x1461020e0	0x905c	movl		rw
sim/cockpit/radios/gps2_gp_mtr_per_dot	0x1461020e0	0x8de0	movss		rw
sim/cockpit/radios/gps2_has_dme	0x1461020e0	0x89e4	movl		rw
sim/cockpit/radios/gps2_has_glideslope	0x1461020e0	0x8d9c	movl		rw
sim/cockpit/radios/gps2_hdef_dot	0x1461020e0	0x90e0	movss		rw
sim/cockpit/radios/gps2_hdef_dot2	0x1461020e0	0x90e4	movss		rw
sim/cockpit/radios/gps2_hdef_nm_per_dot	0x1461020e0	0x9000	movss		rw
sim/cockpit/radios/gps2_obs_degm	0x1461020e0	0x9498	movss		rw
sim/cockpit/radios/gps2_obs_degm2	0x1461020e0	0x949c	movss		rw
sim/cockpit/radios/gps2_sequencing	0x1461020e0	0xb108	movl		ro
sim/cockpit/radios/gps2_vdef_dot	0x1461020e0	0x9168	movss		rw
sim/cockpit/radios/gps2_vdef_dot2	0x1461020e0	0x916c	movss		rw
sim/cockpit/radios/marker_audio_working	0x1461020e0	0xaf38	movl		rw
sim/cockpit/radios/nav_com_adf_mode	0x1461020e0	0xaf44	movl		rw
sim/cockpit/radios/nav1_cardinal_dir	0x1461020e0	0x94f8	movss		rw
sim/cockpit/radios/nav1_cardinal_dir2	0x1461020e0	0x94fc	movss		rw
sim/cockpit/radios/nav1_course_degm	0x1461020e0	0x9580	movss		rw
sim/cockpit/radios/nav1_course_degm2	0x1461020e0	0x9584	movss		rw
sim/cockpit/radios/nav1_dir_degt	0x1461020e0	0x8edc	movss		rw
sim/cockpit/radios/nav1_dme_dist_m	0x1461020e0	0x964c	movss		rw
sim/cockpit/radios/nav1_dme_speed_kts	0x1461020e0	0x9690	movss		rw
sim/cockpit/radios/nav1_dme_time_secs	0x1461020e0	0x96d4	movss		rw
sim/cockpit/radios/nav1_freq_hz	0x1461020e0	0x8758	movl		rw
sim/cockpit/radios/nav1_fromto	0x1461020e0	0x9030	movl		rw
sim/cockpit/radios/nav1_fromto2	0x1461020e0	0x9034	movl		rw
sim/cockpit/radios/nav1_has_dme	0x1461020e0	0x89d0	movl		rw
sim/cockpit/radios/nav1_hdef_dot	0x1461020e0	0x90b8	movss		rw
sim/cockpit/radios/nav1_hdef_dot2	0x1461020e0	0x90bc	movss		rw
sim/cockpit/radios/nav1_obs_degm	0x1461020e0	0x9470	movss		rw
sim/cockpit/radios/nav1_obs_degm2	0x1461020e0	0x9474	movss		rw
sim/cockpit/radios/nav1_stdby_freq_hz	0x1461020e0	0x879c	movl		rw
sim/cockpit/radios/nav1_vdef_dot	0x1461020e0	0x9140	movss		rw
sim/cockpit/radios/nav1_vdef_dot2	0x1461020e0	0x9144	movss		rw
sim/cockpit/radios/nav2_cardinal_dir	0x1461020e0	0x9500	movss		rw
sim/cockpit/radios/nav2_cardinal_dir2	0x1461020e0	0x9504	movss		rw
sim/cockpit/radios/nav2_course_degm	0x1461020e0	0x9588	movss		rw
sim/cockpit/radios/nav2_course_degm2	0x1461020e0	0x958c	movss		rw
sim/cockpit/radios/nav2_dir_degt	0x1461020e0	0x8ee0	movss		rw
sim/cockpit/radios/nav2_dme_dist_m	0x1461020e0	0x9650	movss		rw
sim/cockpit/radios/nav2_dme_speed_kts	0x1461020e0	0x9694	movss		rw
sim/cockpit/radios/nav2_dme_time_secs	0x1461020e0	0x96d8	movss		rw
sim/cockpit/radios/nav2_freq_hz	0x1461020e0	0x875c	movl		rw
sim/cockpit/radios/nav2_fromto	0x1461020e0	0x9038	movl		rw
sim/cockpit/radios/nav2_fromto2	0x1461020e0	0x903c	movl		rw
sim/cockpit/radios/nav2_has_dme	0x1461020e0	0x89d4	movl		rw
sim/cockpit/radios/nav2_hdef_dot	0x1461020e0	0x90c0	movss		rw
sim/cockpit/radios/nav2_hdef_dot2	0x1461020e0	0x90c4	movss		rw
sim/cockpit/radios/nav2_obs_degm	0x1461020e0	0x9478	movss		rw
sim/cockpit/radios/nav2_obs_degm2	0x1461020e0	0x947c	movss		rw
sim/cockpit/radios/nav2_stdby_freq_hz	0x1461020e0	0x87a0	movl		rw
sim/cockpit/radios/nav2_vdef_dot	0x1461020e0	0x9148	movss		rw
sim/cockpit/radios/nav2_vdef_dot2	0x1461020e0	0x914c	movss		rw
sim/cockpit/radios/standalone_dme_dist_m	0x1461020e0	0x9664	movss		rw
sim/cockpit/radios/standalone_dme_speed_kts	0x1461020e0	0x96a8	movss		rw
sim/cockpit/radios/standalone_dme_time_secs	0x1461020e0	0x96ec	movss		rw
sim/cockpit/radios/transponder_brightness	F	0x6480	movss		rw
sim/cockpit/radios/transponder_code	F	0x634	movl		rw
sim/cockpit/radios/transponder_id	F	0x6474	movl		ro
sim/cockpit/radios/transponder_mode	F	0x6478	movl		rw
sim/cockpit/switches/anti_ice_AOA_heat	F	0xb5c4	movl		rw
sim/cockpit/switches/anti_ice_AOA_heat2	F	0xb5c8	movl		rw
sim/cockpit/switches/anti_ice_inlet_heat	F	0xb64c	movl		rw
sim/cockpit/switches/anti_ice_prop_heat	F	0xb6cc	movl		rw
sim/cockpit/switches/anti_ice_surf_heat_left	F	0xb5dc	movl		rw
sim/cockpit/switches/anti_ice_surf_heat_right	F	0xb5e0	movl		rw
sim/cockpit/switches/anti_ice_window_heat	F	0xb594	movl		rw
sim/cockpit/switches/argus_mode	0x1461020e0	0xaf60	movl		rw
sim/cockpit/switches/arresting_gear	F	0x6508	movl		rw
sim/cockpit/switches/art_stab_on	F	0x7c	movl		rw
sim/cockpit/switches/audio_panel_out	0x1461020e0	0xaf48	movl		rw
sim/cockpit/switches/auto_brake_settings	F	0x574	movl		rw
sim/cockpit/switches/auto_feather_mode	F	0x6440	movl		rw
sim/cockpit/switches/canopy_req	F	0x6504	movl		rw
sim/cockpit/switches/DME_radio_selector	0x1461020e0	0xaf40	movl		rw
sim/cockpit/switches/dumping_fuel	F	0xbca8	movl		rw
sim/cockpit/switches/ECAM_mode	0x1461020e0	0xaf3c	movl		rw
sim/cockpit/switches/EFIS_dme_1_selector	0x1461020e0	0xae90	movl		rw
sim/cockpit/switches/EFIS_dme_2_selector	0x1461020e0	0xae98	movl		rw
sim/cockpit/switches/EFIS_map_range_selector	0x1461020e0	0xae80	movl		rw
sim/cockpit/switches/EFIS_map_submode	0x1461020e0	0xae48	movl		rw
sim/cockpit/switches/EFIS_shows_airports	0x1461020e0	0xade8	movl		rw
sim/cockpit/switches/EFIS_shows_NDBs	0x1461020e0	0xae00	movl		rw
sim/cockpit/switches/EFIS_shows_tcas	0x1461020e0	0xadd8	movl		rw
sim/cockpit/switches/EFIS_shows_VORs	0x1461020e0	0xadf8	movl		rw
sim/cockpit/switches/EFIS_shows_waypoints	0x1461020e0	0xadf0	movl		rw
sim/cockpit/switches/EFIS_shows_weather	0x1461020e0	0xadd0	movl		rw
sim/cockpit/switches/EFIS_weather_alpha	0x1461020e0	0xafa4	movss		rw
sim/cockpit/switches/fasten_seat_belts	F	0x56c	movl		rw
sim/cockpit/switches/ice_detect	F	0xb590	movl		rw
sim/cockpit/switches/jato_on	F	0x6514	movl		rw
sim/cockpit/switches/marker_panel_out	0x1461020e0	0xb15c	movl		rw
sim/cockpit/switches/no_smoking	F	0x568	movl		rw
sim/cockpit/switches/parachute_on	F	0x650c	movl		rw
sim/cockpit/switches/pitot_heat_on	F	0xb5ac	movl		rw
sim/cockpit/switches/pitot_heat_on2	F	0xb5b0	movl		rw
sim/cockpit/switches/pre_rotate_level	F	0xbcf4	movl		rw
sim/cockpit/switches/prop_sync_on	F	0x584	movl		rw
sim/cockpit/switches/puffers_on	F	0x57c	movl		rw
sim/cockpit/switches/RMI_l_vor_adf_selector	0x1461020e0	0xaeb4	movl		rw
sim/cockpit/switches/RMI_l_vor_adf_selector2	0x1461020e0	0xaeb8	movl		rw
sim/cockpit/switches/RMI_r_vor_adf_selector	0x1461020e0	0xaebc	movl		rw
sim/cockpit/switches/RMI_r_vor_adf_selector2	0x1461020e0	0xaec0	movl		rw
sim/cockpit/switches/static_heat_on	F	0xb5b8	movl		rw
sim/cockpit/switches/static_heat_on2	F	0xb5bc	movl		rw
sim/cockpit/switches/tot_ener_audio	0x1461020e0	0x6f18	movl		rw
sim/cockpit/switches/water_scoop	F	0x64d4	movl		rw
sim/cockpit/switches/yaw_damper_on	F	0x84	movl		rw
sim/cockpit/warnings/annunciator_test_timeout	0x1461020e0	0x6f48	movss		rw
sim/cockpit/warnings/annunciators/autopilot	0x1461020e0	0xb28c	movl		rw
sim/cockpit/warnings/annunciators/autopilot_bank_limit	0x1461020e0	0xb518	movl		rw
sim/cockpit/warnings/annunciators/autopilot_disconnect	0x1461020e0	0xb254	movl		rw
sim/cockpit/warnings/annunciators/autopilot_soft_ride	0x1461020e0	0xb51c	movl		rw
sim/cockpit/warnings/annunciators/autopilot_trim_down	0x1461020e0	0xb510	movl		rw
sim/cockpit/warnings/annunciators/autopilot_trim_fail	0x1461020e0	0xb4ec	movl		rw
sim/cockpit/warnings/annunciators/autopilot_trim_up	0x1461020e0	0xb514	movl		rw
sim/cockpit/warnings/annunciators/battery_charge_hi	0x1461020e0	0xb4e4	movl		rw
sim/cockpit/warnings/annunciators/cabin_altitude_12500	0x1461020e0	0xb4e8	movl		rw
sim/cockpit/warnings/annunciators/cabin_door_open	0x1461020e0	0xb4fc	movl		rw
sim/cockpit/warnings/annunciators/crossfeed_on	0x1461020e0	0xb4f4	movl		rw
sim/cockpit/warnings/annunciators/electric_trim_off	0x1461020e0	0xb4f0	movl		rw
sim/cockpit/warnings/annunciators/external_power_on	0x1461020e0	0xb500	movl		rw
sim/cockpit/warnings/annunciators/flight_director	0x1461020e0	0xb288	movl		rw
sim/cockpit/warnings/annunciators/fuel_quantity	0x1461020e0	0xb260	movl		rw
sim/cockpit/warnings/annunciators/gear_unsafe	0x1461020e0	0xb50c	movl		rw
sim/cockpit/warnings/annunciators/glideslope	0x1461020e0	0xb508	movl		ro
sim/cockpit/warnings/annunciators/GPWS	0x1461020e0	0xb26c	movl		rw
sim/cockpit/warnings/annunciators/hi_rotor	0x1461020e0	0xb278	movl		rw
sim/cockpit/warnings/annunciators/hvac	0x1461020e0	0xb4e0	movl		rw
sim/cockpit/warnings/annunciators/hydraulic_pressure	0x1461020e0	0xb264	movl		rw
sim/cockpit/warnings/annunciators/ice	0x1461020e0	0xb270	movl		rw
sim/cockpit/warnings/annunciators/landing_taxi_lite	0x1461020e0	0xb4f8	movl		rw
sim/cockpit/warnings/annunciators/lo_rotor	0x1461020e0	0xb274	movl		rw
sim/cockpit/warnings/annunciators/low_vacuum	0x1461020e0	0xb258	movl		rw
sim/cockpit/warnings/annunciators/low_voltage	0x1461020e0	0xb25c	movl		rw
sim/cockpit/warnings/annunciators/master_accept	0x1461020e0	0xb250	movl		rw
sim/cockpit/warnings/annunciators/master_caution	0x1461020e0	0xb248	movl		rw
sim/cockpit/warnings/annunciators/master_warning	0x1461020e0	0xb24c	movl		rw
sim/cockpit/warnings/annunciators/no_inverters	0x1461020e0	0xb520	movl		rw
sim/cockpit/warnings/annunciators/passenger_oxy_on	0x1461020e0	0xb504	movl		rw
sim/cockpit/warnings/annunciators/pitot_heat_off	0x1461020e0	0xb27c	movl		rw
sim/cockpit/warnings/annunciators/slats	0x1461020e0	0xb284	movl		rw
sim/cockpit/warnings/annunciators/speedbrake	0x1461020e0	0xb268	movl		rw
sim/cockpit/warnings/annunciators/transonic	0x1461020e0	0xb280	movl		rw
sim/cockpit/warnings/annunciators/yaw_damper	0x1461020e0	0xb290	movl		rw
sim/cockpit/warnings/autopilot_test_beeping	0x1461020e0	0x7c58	movl		ro
sim/cockpit/weapons/bombs_armed	F	0xb9a4	movl		rw
sim/cockpit/weapons/firing_mode	F	0xb9b4	movl		rw
sim/cockpit/weapons/firing_rate	F	0xb9b8	movl		rw
sim/cockpit/weapons/guns_armed	F	0xb998	movl		rw
sim/cockpit/weapons/incoming_missile_lock	F	0x6588	movl		rw
sim/cockpit/weapons/missiles_armed	F	0xb9a0	movl		rw
sim/cockpit/weapons/plane_target_index	F	0xb8b0	movl		rw
sim/cockpit/weapons/rockets_armed	F	0xb99c	movl		rw
sim/cockpit/weapons/wpn_sel_console	F	0xb994	movl		rw
sim/cockpit2/annunciators/autopilot	0x1461020e0	0xb28c	movl		ro
sim/cockpit2/annunciators/autopilot_bank_limit	0x1461020e0	0xb518	movl		ro
sim/cockpit2/annunciators/autopilot_disconnect	0x1461020e0	0xb254	movl		ro
sim/cockpit2/annunciators/autopilot_soft_ride	0x1461020e0	0xb51c	movl		ro
sim/cockpit2/annunciators/autopilot_trim_down	0x1461020e0	0xb510	movl		ro
sim/cockpit2/annunciators/autopilot_trim_fail	0x1461020e0	0xb4ec	movl		ro
sim/cockpit2/annunciators/autopilot_trim_up	0x1461020e0	0xb514	movl		ro
sim/cockpit2/annunciators/battery_charge_hi	0x1461020e0	0xb4e4	movl		ro
sim/cockpit2/annunciators/cabin_altitude_12500	0x1461020e0	0xb4e8	movl		ro
sim/cockpit2/annunciators/cabin_door_open	0x1461020e0	0xb4fc	movl		ro
sim/cockpit2/annunciators/crossfeed_on	0x1461020e0	0xb4f4	movl		ro
sim/cockpit2/annunciators/electric_trim_off	0x1461020e0	0xb4f0	movl		ro
sim/cockpit2/annunciators/external_power_on	0x1461020e0	0xb500	movl		ro
sim/cockpit2/annunciators/fasten_seatbelt	0x1461020e0	0x56c	movl		ro
sim/cockpit2/annunciators/flight_director	0x1461020e0	0xb288	movl		ro
sim/cockpit2/annunciators/fuel_quantity	0x1461020e0	0xb260	movl		ro
sim/cockpit2/annunciators/gear_unsafe	0x1461020e0	0xb50c	movl		ro
sim/cockpit2/annunciators/gear_warning	0x1461020e0	0x6f3c	movl		ro
sim/cockpit2/annunciators/gear_warning_aural	0x1461020e0	0x6f08	movl		ro
sim/cockpit2/annunciators/GPWS	0x1461020e0	0xb26c	movl		ro
sim/cockpit2/annunciators/high_rotor	0x1461020e0	0xb278	movl		ro
sim/cockpit2/annunciators/hvac	0x1461020e0	0xb4e0	movl		ro
sim/cockpit2/annunciators/hydraulic_pressure	0x1461020e0	0xb264	movl		ro
sim/cockpit2/annunciators/ice	0x1461020e0	0xb270	movl		ro
sim/cockpit2/annunciators/landing_taxi_lite	0x1461020e0	0xb4f8	movl		ro
sim/cockpit2/annunciators/low_rotor	0x1461020e0	0xb274	movl		ro
sim/cockpit2/annunciators/low_vacuum	0x1461020e0	0xb258	movl		ro
sim/cockpit2/annunciators/low_voltage	0x1461020e0	0xb25c	movl		ro
sim/cockpit2/annunciators/master_accept	0x1461020e0	0xb250	movl		ro
sim/cockpit2/annunciators/master_caution	0x1461020e0	0xb248	movl		ro
sim/cockpit2/annunciators/master_warning	0x1461020e0	0xb24c	movl		ro
sim/cockpit2/annunciators/no_inverters	0x1461020e0	0xb520	movl		ro
sim/cockpit2/annunciators/no_smoking	0x1461020e0	0x568	movl		ro
sim/cockpit2/annunciators/passenger_oxy_on	0x1461020e0	0xb504	movl		ro
sim/cockpit2/annunciators/pitot_heat	0x1461020e0	0xb27c	movl		ro
sim/cockpit2/annunciators/plugin_master_caution	0x1461020e0	0xb568	movl		rw
sim/cockpit2/annunciators/plugin_master_warning	0x1461020e0	0xb564	movl		rw
sim/cockpit2/annunciators/slats	0x1461020e0	0xb284	movl		ro
sim/cockpit2/annunciators/speedbrake	0x1461020e0	0xb268	movl		ro
sim/cockpit2/annunciators/stall_warning_ratio	0x1461020e0	0x6594	movss		rw
sim/cockpit2/annunciators/transonic	0x1461020e0	0xb280	movl		ro
sim/cockpit2/annunciators/windshear_warning_systems	0x1461020e0	0xb560	movl		ro
sim/cockpit2/annunciators/yaw_damper	0x1461020e0	0xb290	movl		ro
sim/cockpit2/autopilot/airspeed_dial_kts_mach	0x1461020e0	0x7bbc	movss		rw
sim/cockpit2/autopilot/airspeed_is_mach	0x1461020e0	0x7c68	movl		rw
sim/cockpit2/autopilot/alt_hold_is_alt_sel_any	0x1461020e0	0x7cc8	movl		ro
sim/cockpit2/autopilot/alt_vvi_is_showing_vvi	0x1461020e0	0x7c7c	movl		rw
sim/cockpit2/autopilot/altitude_dial_ft	0x1461020e0	0x7bd8	movss		rw
sim/cockpit2/autopilot/altitude_hold_ft	0x1461020e0	0x7be0	movss		ro
sim/cockpit2/autopilot/altitude_mode	0x1461020e0	0x7c98	movl		rw
sim/cockpit2/autopilot/altitude_readout_preselector	0x1461020e0	0x6cd4	movss		rw
sim/cockpit2/autopilot/altitude_vnav_ft	0x1461020e0	0x7bdc	movss		ro
sim/cockpit2/autopilot/alts_captured	0x1461020e0	0x7ce8	movl		ro
sim/cockpit2/autopilot/autopilot2_avail	0x1461020e0	0x7d0c	movl		ro
sim/cockpit2/autopilot/autothrottle_enabled	0x1461020e0	0x7c9c	movl		rw
sim/cockpit2/autopilot/backcourse_on	0x1461020e0	0x7cbc	movl		ro
sim/cockpit2/autopilot/barometer_setting_in_hg_alt_preselector	0x1461020e0	0x6aa4	movss		rw
sim/cockpit2/autopilot/dead_reckoning	0x1461020e0	0x7c80	movl		ro
sim/cockpit2/autopilot/downgrade	0x1461020e0	0x7c14	movl		ro
sim/cockpit2/autopilot/electric_trim_on	0x1461020e0	0x6fec	movl		rw
sim/cockpit2/autopilot/flight_director_mode	0x1461020e0	0x7ba8	movl		rw
sim/cockpit2/autopilot/flight_director2_mode	0x1461020e0	0x7bac	movl		rw
sim/cockpit2/autopilot/flight_director3_mode	0x1461020e0	0x7bb0	movl		rw
sim/cockpit2/autopilot/fms_vnav	0x1461020e0	0x7c88	movl		rw
sim/cockpit2/autopilot/fpa	0x1461020e0	0x7bd4	movss		rw
sim/cockpit2/autopilot/heading_dial_deg_mag_copilot	0x1461020e0	0x7bc8	movss		rw
sim/cockpit2/autopilot/heading_dial_deg_mag_pilot	0x1461020e0	0x7bc4	movss		rw
sim/cockpit2/autopilot/heading_is_gpss	0x1461020e0	0x7c6c	movl		rw
sim/cockpit2/autopilot/heading_mode	0x1461020e0	0x7c94	movl		rw
sim/cockpit2/autopilot/hover_height	0x1461020e0	0x7c2c	movss		rw
sim/cockpit2/autopilot/master_flight_director	0x1461020e0	0x7d10	movl		rw
sim/cockpit2/autopilot/otto_fail_warn	0x1461020e0	0x7c64	movl		rw
sim/cockpit2/autopilot/otto_ready	0x1461020e0	0x7c60	movl		ro
sim/cockpit2/autopilot/pitch_mistrim	0x1461020e0	0x7c8c	movl		rw
sim/cockpit2/autopilot/set_roll_deg	0x1461020e0	0x7bf0	movss		rw
sim/cockpit2/autopilot/sync_hold_pitch_deg	0x1461020e0	0x7be4	movss		rw
sim/cockpit2/autopilot/sync_hold_roll_deg	0x1461020e0	0x7be8	movss		rw
sim/cockpit2/autopilot/trk_fpa	0x1461020e0	0x7d2c	movl		rw
sim/cockpit2/autopilot/turn_rate_deg_sec	0x1461020e0	0x7d08	movss		rw
sim/cockpit2/autopilot/vnav_descent_speed_range	0x1461020e0	0x7c20	movl		ro
sim/cockpit2/autopilot/vvi_dial_fpm	0x1461020e0	0x7bd0	movss		rw
sim/cockpit2/bleedair/actuators/apu_bleed	0x1461020e0	0xbd20	movl		rw
sim/cockpit2/bleedair/actuators/gpu_bleed	0x1461020e0	0xbd24	movl		rw
sim/cockpit2/bleedair/actuators/instrument_air_left	0x1461020e0	0xbd10	movl		rw
sim/cockpit2/bleedair/actuators/instrument_air_right	0x1461020e0	0xbd14	movl		rw
sim/cockpit2/bleedair/actuators/isol_valve_left	0x1461020e0	0xbd18	movl		rw
sim/cockpit2/bleedair/actuators/isol_valve_right	0x1461020e0	0xbd1c	movl		rw
sim/cockpit2/bleedair/actuators/pack_center	0x1461020e0	0xbd9c	movl		rw
sim/cockpit2/bleedair/actuators/pack_left	0x1461020e0	0xbd98	movl		rw
sim/cockpit2/bleedair/actuators/pack_right	0x1461020e0	0xbda0	movl		rw
sim/cockpit2/camera/camera_field_of_view	0x1461020e8	0x1c5c	movss		rw
sim/cockpit2/camera/camera_offset_heading	0x1461020e8	0x1c68	movss		rw
sim/cockpit2/camera/camera_offset_pitch	0x1461020e8	0x1c6c	movss		rw
sim/cockpit2/camera/camera_offset_roll	0x1461020e8	0x1c70	movss		rw
sim/cockpit2/camera/camera_offset_X	0x1461020e8	0x81c	movss		rw
sim/cockpit2/camera/camera_offset_Y	0x1461020e8	0x820	movss		rw
sim/cockpit2/camera/camera_offset_Z	0x1461020e8	0x824	movss		rw
sim/cockpit2/controls/aileron_trim	0x1461020e0	0x1cc	movss		rw
sim/cockpit2/controls/brake_fan_on	0x1461020e0	0x200	movl		rw
sim/cockpit2/controls/dihedral_ratio	0x1461020e0	0x154	movss		rw
sim/cockpit2/controls/elevator_trim	0x1461020e0	0x1d0	movss		rw
sim/cockpit2/controls/flap_config	0x1461020e0	0x194	movl		ro
sim/cockpit2/controls/flap_dial_a_flap	0x1461020e0	0x18c	movss		rw
sim/cockpit2/controls/flap_handle_deploy_ratio	0x1461020e0	0x184	movss		ro
sim/cockpit2/controls/flap_handle_request_ratio	0x1461020e0	0x180	movss		rw
sim/cockpit2/controls/flap_system_deploy_ratio	0x1461020e0	0x184	movss		rw
sim/cockpit2/controls/gear_handle_animation	0x1461020e0	0x1f4	movss		rw
sim/cockpit2/controls/incidence_ratio	0x1461020e0	0x15c	movss		rw
sim/cockpit2/controls/left_brake_ratio	0x1461020e0	0x240	movss		rw
sim/cockpit2/controls/nosewheel_steer_on	0x1461020e0	0x204	movl		rw
sim/cockpit2/controls/park_brake_valve	0x1461020e0	0x22c	movl		rw
sim/cockpit2/controls/right_brake_ratio	0x1461020e0	0x244	movss		rw
sim/cockpit2/controls/roll_spoiler_actuation	0x1461020e0	0x138	movl		rw
sim/cockpit2/controls/rudder_trim	0x1461020e0	0x1d4	movss		rw
sim/cockpit2/controls/slat_lock_active	0x1461020e0	0x190	movl		ro
sim/cockpit2/controls/speedbrake_ratio	0x1461020e0	0x140	movss		rw
sim/cockpit2/controls/tailwheel_lock_ratio	0x1461020e0	0x210	movss		rw
sim/cockpit2/controls/thrust_vector_ratio	0x1461020e0	0x16c	movss		rw
sim/cockpit2/controls/torque_tube_split_pitch	0x1461020e0	0x130	movl		rw
sim/cockpit2/controls/torque_tube_split_roll	0x1461020e0	0x12c	movl		rw
sim/cockpit2/controls/total_heading_ratio	0x1461020e0	0x120	movss		rw
sim/cockpit2/controls/total_pitch_ratio	0x1461020e0	0x118	movss		rw
sim/cockpit2/controls/total_pitch_ratio_copilot	0x1461020e0	0x124	movss		rw
sim/cockpit2/controls/total_roll_ratio	0x1461020e0	0x11c	movss		rw
sim/cockpit2/controls/total_roll_ratio_copilot	0x1461020e0	0x128	movss		rw
sim/cockpit2/controls/water_rudder_handle_ratio	0x1461020e0	0x64c4	movss		rw
sim/cockpit2/controls/wheel_brake_ratio	0x1461020e0	0x220	movss		rw
sim/cockpit2/controls/wheel_brake_ratio_applied	0x1461020e0	0x224	movss		rw
sim/cockpit2/controls/wing_retraction_ratio	0x1461020e0	0x164	movss		rw
sim/cockpit2/controls/wingsweep_ratio	0x1461020e0	0x14c	movss		rw
sim/cockpit2/controls/yoke_heading_ratio	0x1461020e0	0xf0	movss		rw
sim/cockpit2/controls/yoke_heading_ratio_copilot	0x1461020e0	0xfc	movss		rw
sim/cockpit2/controls/yoke_pitch_ratio	0x1461020e0	0xe8	movss		rw
sim/cockpit2/controls/yoke_pitch_ratio_copilot	0x1461020e0	0xf4	movss		rw
sim/cockpit2/controls/yoke_roll_ratio	0x1461020e0	0xec	movss		rw
sim/cockpit2/controls/yoke_roll_ratio_copilot	0x1461020e0	0xf8	movss		rw
sim/cockpit2/EFIS/argus_mode	0x1461020e0	0xaf60	movl		rw
sim/cockpit2/EFIS/ecam_mode	0x1461020e0	0xaf3c	movl		rw
sim/cockpit2/EFIS/EFIS_1_selection_copilot	0x1461020e0	0xae94	movl		rw
sim/cockpit2/EFIS/EFIS_1_selection_pilot	0x1461020e0	0xae90	movl		rw
sim/cockpit2/EFIS/EFIS_2_selection_copilot	0x1461020e0	0xae9c	movl		rw
sim/cockpit2/EFIS/EFIS_2_selection_pilot	0x1461020e0	0xae98	movl		rw
sim/cockpit2/EFIS/EFIS_airport_on	0x1461020e0	0xade8	movl		rw
sim/cockpit2/EFIS/EFIS_airport_on_copilot	0x1461020e0	0xadec	movl		rw
sim/cockpit2/EFIS/EFIS_data_on	0x1461020e0	0xae08	movl		rw
sim/cockpit2/EFIS/EFIS_data_on_copilot	0x1461020e0	0xae0c	movl		rw
sim/cockpit2/EFIS/EFIS_fix_on	0x1461020e0	0xadf0	movl		rw
sim/cockpit2/EFIS/EFIS_fix_on_copilot	0x1461020e0	0xadf4	movl		rw
sim/cockpit2/EFIS/EFIS_hdg_hidden_copilot	0x1461020e0	0xaec8	movl		rw
sim/cockpit2/EFIS/EFIS_hdg_hidden_pilot	0x1461020e0	0xaec4	movl		rw
sim/cockpit2/EFIS/EFIS_ndb_on	0x1461020e0	0xae00	movl		rw
sim/cockpit2/EFIS/EFIS_ndb_on_copilot	0x1461020e0	0xae04	movl		rw
sim/cockpit2/EFIS/EFIS_tcas_on	0x1461020e0	0xadd8	movl		rw
sim/cockpit2/EFIS/EFIS_tcas_on_copilot	0x1461020e0	0xaddc	movl		rw
sim/cockpit2/EFIS/EFIS_terrain_on	0x1461020e0	0xade0	movl		rw
sim/cockpit2/EFIS/EFIS_terrain_on_copilot	0x1461020e0	0xade4	movl		rw
sim/cockpit2/EFIS/EFIS_vor_on	0x1461020e0	0xadf8	movl		rw
sim/cockpit2/EFIS/EFIS_vor_on_copilot	0x1461020e0	0xadfc	movl		rw
sim/cockpit2/EFIS/EFIS_weather_alpha	0x1461020e0	0xafa4	movss		rw
sim/cockpit2/EFIS/EFIS_weather_alpha_copilot	0x1461020e0	0xafa8	movss		rw
sim/cockpit2/EFIS/EFIS_weather_alt	0x1461020e0	0xaf6c	movss		rw
sim/cockpit2/EFIS/EFIS_weather_alt_copilot	0x1461020e0	0xaf70	movss		rw
sim/cockpit2/EFIS/EFIS_weather_antenna_limit	0x1461020e0	0xafc0	movss		rw
sim/cockpit2/EFIS/EFIS_weather_auto_tilt	0x1461020e0	0xaf8c	movl		rw
sim/cockpit2/EFIS/EFIS_weather_auto_tilt_copilot	0x1461020e0	0xaf90	movl		rw
sim/cockpit2/EFIS/EFIS_weather_gain	0x1461020e0	0xaf9c	movss		rw
sim/cockpit2/EFIS/EFIS_weather_gain_copilot	0x1461020e0	0xafa0	movss		rw
sim/cockpit2/EFIS/EFIS_weather_gcs	0x1461020e0	0xaf84	movl		rw
sim/cockpit2/EFIS/EFIS_weather_gcs_copilot	0x1461020e0	0xaf88	movl		rw
sim/cockpit2/EFIS/EFIS_weather_mode	0x1461020e0	0xaf94	movl		rw
sim/cockpit2/EFIS/EFIS_weather_mode_copilot	0x1461020e0	0xaf98	movl		rw
sim/cockpit2/EFIS/EFIS_weather_multiscan	0x1461020e0	0xafac	movl		rw
sim/cockpit2/EFIS/EFIS_weather_multiscan_copilot	0x1461020e0	0xafb0	movl		rw
sim/cockpit2/EFIS/EFIS_weather_on	0x1461020e0	0xadd0	movl		rw
sim/cockpit2/EFIS/EFIS_weather_on_copilot	0x1461020e0	0xadd4	movl		rw
sim/cockpit2/EFIS/EFIS_weather_pws	0x1461020e0	0xaf7c	movl		rw
sim/cockpit2/EFIS/EFIS_weather_pws_mode	0x1461020e0	0xaf80	movl		ro
sim/cockpit2/EFIS/EFIS_weather_sector_brg	0x1461020e0	0xafb4	movss		rw
sim/cockpit2/EFIS/EFIS_weather_sector_width	0x1461020e0	0xafb8	movss		rw
sim/cockpit2/EFIS/EFIS_weather_stab	0x1461020e0	0xaf74	movl		rw
sim/cockpit2/EFIS/EFIS_weather_stab_copilot	0x1461020e0	0xaf78	movl		rw
sim/cockpit2/EFIS/EFIS_weather_sweeps_per_sec	0x1461020e0	0xafbc	movss		rw
sim/cockpit2/EFIS/EFIS_weather_tilt	0x1461020e0	0xaf64	movss		rw
sim/cockpit2/EFIS/EFIS_weather_tilt_copilot	0x1461020e0	0xaf68	movss		rw
sim/cockpit2/EFIS/map_mode	0x1461020e0	0xae48	movl		rw
sim/cockpit2/EFIS/map_mode_copilot	0x1461020e0	0xae4c	movl		rw
sim/cockpit2/EFIS/map_mode_is_HSI	0x1461020e0	0xae50	movl		rw
sim/cockpit2/EFIS/map_mode_is_HSI_copilot	0x1461020e0	0xae54	movl		rw
sim/cockpit2/EFIS/map_range	0x1461020e0	0xae80	movl		rw
sim/cockpit2/EFIS/map_range_copilot	0x1461020e0	0xae84	movl		rw
sim/cockpit2/EFIS/true_north	0x1461020e0	0xae88	movl		rw
sim/cockpit2/EFIS/true_north_copilot	0x1461020e0	0xae8c	movl		rw
sim/cockpit2/electrical/APU_door	0x1461020e0	0x6498	movss		ro
sim/cockpit2/electrical/APU_EGT_c	0x1461020e0	0x6494	movss		ro
sim/cockpit2/electrical/APU_generator_amps	0x1461020e0	0x754	movss		rw
sim/cockpit2/electrical/APU_generator_on	0x1461020e0	0x6f0	movl		rw
sim/cockpit2/electrical/APU_N1_percent	0x1461020e0	0x6490	movss		ro
sim/cockpit2/electrical/APU_running	0x1461020e0	0x6488	movl		ro
sim/cockpit2/electrical/APU_starter_switch	0x1461020e0	0x6484	movl		rw
sim/cockpit2/electrical/cross_tie	0x1461020e0	0x560	movl		rw
sim/cockpit2/electrical/dc_voltmeter_selection	0x1461020e0	0x6dd4	movl		ro
sim/cockpit2/electrical/dc_voltmeter_value	0x1461020e0	0x6dd8	movss		ro
sim/cockpit2/electrical/GPU_generator_amps	0x1461020e0	0x750	movss		rw
sim/cockpit2/electrical/GPU_generator_on	0x1461020e0	0x6ec	movl		rw
sim/cockpit2/electrical/HUD_brightness_attenuation_ref_nits	0x1461020e0	0x6de8	movss		rw
sim/cockpit2/electrical/RAT_generator_amps	0x1461020e0	0x758	movss		rw
sim/cockpit2/electrical/RAT_generator_extended	0x1461020e0	0x6f8	movl		rw
sim/cockpit2/electrical/RAT_generator_on	0x1461020e0	0x6f4	movl		rw
sim/cockpit2/engine/indicators/clutch_in_motion	0x1461020e0	0xbcfc	movl		ro
sim/cockpit2/fuel/auto_crossfeed	0x1461020e0	0xbcbc	movl		rw
sim/cockpit2/fuel/firewall_closed_left	0x1461020e0	0xbb88	movl		rw
sim/cockpit2/fuel/firewall_closed_right	0x1461020e0	0xbb8c	movl		rw
sim/cockpit2/fuel/fuel_gravity_crossflow	0x1461020e0	0xbcc4	movl		rw
sim/cockpit2/fuel/fuel_level_indicated_left	0x1461020e0	0xbc7c	movss		ro
sim/cockpit2/fuel/fuel_level_indicated_right	0x1461020e0	0xbc80	movss		ro
sim/cockpit2/fuel/fuel_tank_selector	0x1461020e0	0xbc98	movl		rw
sim/cockpit2/fuel/fuel_tank_selector_left	0x1461020e0	0xbc98	movl		rw
sim/cockpit2/fuel/fuel_tank_selector_right	0x1461020e0	0xbc9c	movl		rw
sim/cockpit2/fuel/fuel_tank_transfer_from	0x1461020e0	0xbca4	movl		rw
sim/cockpit2/fuel/fuel_tank_transfer_to	0x1461020e0	0xbca0	movl		rw
sim/cockpit2/fuel/fuel_totalizer_init_kg	0x1461020e0	0xbc90	movss		rw
sim/cockpit2/fuel/fuel_totalizer_sum_kg	0x1461020e0	0xbc94	movss		rw
sim/cockpit2/fuel/no_transfer_left	0x1461020e0	0xbc84	movl		ro
sim/cockpit2/fuel/no_transfer_right	0x1461020e0	0xbc88	movl		ro
sim/cockpit2/fuel/transfer_pump_activation	0x1461020e8	0x28a4	movss		rw
sim/cockpit2/fuel/transfer_pump_deactivation	0x1461020e8	0x28a8	movss		rw
sim/cockpit2/fuel/transfer_pump_left	0x1461020e0	0xbcac	movl		rw
sim/cockpit2/fuel/transfer_pump_right	0x1461020e0	0xbcb0	movl		rw
sim/cockpit2/fuel/transfer_test	0x1461020e0	0xbc8c	movl		rw
sim/cockpit2/gauges/actuators/artificial_horizon_adjust_deg_copilot	0x1461020e0	0x6a94	movss		rw
sim/cockpit2/gauges/actuators/artificial_horizon_adjust_deg_pilot	0x1461020e0	0x6a90	movss		rw
sim/cockpit2/gauges/actuators/baro_altimeter_bug_ft_copilot	0x1461020e0	0x6acc	movss		rw
sim/cockpit2/gauges/actuators/baro_altimeter_bug_ft_pilot	0x1461020e0	0x6ac8	movss		rw
sim/cockpit2/gauges/actuators/barometer_preset_in_hg_copilot	0x1461020e0	0x6ab4	movss		rw
sim/cockpit2/gauges/actuators/barometer_preset_in_hg_pilot	0x1461020e0	0x6ab0	movss		rw
sim/cockpit2/gauges/actuators/barometer_setting_in_hg_copilot	0x1461020e0	0x6a9c	movss		rw
sim/cockpit2/gauges/actuators/barometer_setting_in_hg_pilot	0x1461020e0	0x6a98	movss		rw
sim/cockpit2/gauges/actuators/barometer_setting_in_hg_stby	0x1461020e0	0x6aa0	movss		rw
sim/cockpit2/gauges/actuators/barometer_setting_is_std_copilot	0x1461020e0	0x6aac	movl		rw
sim/cockpit2/gauges/actuators/barometer_setting_is_std_pilot	0x1461020e0	0x6aa8	movl		rw
sim/cockpit2/gauges/actuators/barometer_setting_warn_copilot	0x1461020e0	0x6abc	movl		ro
sim/cockpit2/gauges/actuators/barometer_setting_warn_pilot	0x1461020e0	0x6ab8	movl		ro
sim/cockpit2/gauges/actuators/radio_altimeter_bug_ft_copilot	0x1461020e0	0x6ac4	movss		rw
sim/cockpit2/gauges/actuators/radio_altimeter_bug_ft_pilot	0x1461020e0	0x6ac0	movss		rw
sim/cockpit2/gauges/indicators/airspeed_acceleration_kts_sec_copilot	0x1461020e0	0x6c7c	movss		rw
sim/cockpit2/gauges/indicators/airspeed_acceleration_kts_sec_pilot	0x1461020e0	0x6c78	movss		rw
sim/cockpit2/gauges/indicators/airspeed_kts_copilot	0x1461020e0	0x6c9c	movss		rw
sim/cockpit2/gauges/indicators/airspeed_kts_pilot	0x1461020e0	0x6c98	movss		rw
sim/cockpit2/gauges/indicators/airspeed_kts_stby	0x1461020e0	0x6ca0	movss		rw
sim/cockpit2/gauges/indicators/altitude_ft_copilot	0x1461020e0	0x6ccc	movss		rw
sim/cockpit2/gauges/indicators/altitude_ft_pilot	0x1461020e0	0x6cc8	movss		rw
sim/cockpit2/gauges/indicators/altitude_ft_stby	0x1461020e0	0x6cd0	movss		rw
sim/cockpit2/gauges/indicators/AoA_copilot	0x1461020e0	0x6cec	movss		rw
sim/cockpit2/gauges/indicators/AoA_pilot	0x1461020e0	0x6ce8	movss		rw
sim/cockpit2/gauges/indicators/AoA_stby	0x1461020e0	0x6cf0	movss		rw
sim/cockpit2/gauges/indicators/baro_altimeter_alert_lit_copilot	0x1461020e0	0x6d44	movl		rw
sim/cockpit2/gauges/indicators/baro_altimeter_alert_lit_pilot	0x1461020e0	0x6d40	movl		rw
sim/cockpit2/gauges/indicators/baro_altimeter_mda_lit_copilot	0x1461020e0	0x6d3c	movl		rw
sim/cockpit2/gauges/indicators/baro_altimeter_mda_lit_pilot	0x1461020e0	0x6d38	movl		rw
sim/cockpit2/gauges/indicators/calibrated_airspeed_kts_copilot	0x1461020e0	0x6c8c	movss		rw
sim/cockpit2/gauges/indicators/calibrated_airspeed_kts_pilot	0x1461020e0	0x6c88	movss		rw
sim/cockpit2/gauges/indicators/calibrated_airspeed_kts_stby	0x1461020e0	0x6c90	movss		rw
sim/cockpit2/gauges/indicators/compass_heading_deg_mag	0x1461020e0	0x6db8	movss		rw
sim/cockpit2/gauges/indicators/ground_speed_kt	0x1461020e0	0x6d48	movss		rw
sim/cockpit2/gauges/indicators/ground_speed_kt_copilot	0x1461020e0	0x6d4c	movss		rw
sim/cockpit2/gauges/indicators/heading_AHARS_deg_mag_copilot	0x1461020e0	0x6c1c	movss		rw
sim/cockpit2/gauges/indicators/heading_AHARS_deg_mag_pilot	0x1461020e0	0x6c18	movss		rw
sim/cockpit2/gauges/indicators/heading_electric_deg_mag_copilot	0x1461020e0	0x6c24	movss		rw
sim/cockpit2/gauges/indicators/heading_electric_deg_mag_pilot	0x1461020e0	0x6c20	movss		rw
sim/cockpit2/gauges/indicators/heading_vacuum_deg_mag_copilot	0x1461020e0	0x6c2c	movss		rw
sim/cockpit2/gauges/indicators/heading_vacuum_deg_mag_pilot	0x1461020e0	0x6c28	movss		rw
sim/cockpit2/gauges/indicators/landing_config_flap	0x1461020e0	0x6dcc	movl		rw
sim/cockpit2/gauges/indicators/mach_copilot	0x1461020e0	0x6cbc	movss		rw
sim/cockpit2/gauges/indicators/mach_pilot	0x1461020e0	0x6cb8	movss		rw
sim/cockpit2/gauges/indicators/pitch_AHARS_deg_copilot	0x1461020e0	0x6c34	movss		rw
sim/cockpit2/gauges/indicators/pitch_AHARS_deg_pilot	0x1461020e0	0x6c30	movss		rw
sim/cockpit2/gauges/indicators/pitch_electric_deg_copilot	0x1461020e0	0x6c3c	movss		rw
sim/cockpit2/gauges/indicators/pitch_electric_deg_pilot	0x1461020e0	0x6c38	movss		rw
sim/cockpit2/gauges/indicators/pitch_vacuum_deg_copilot	0x1461020e0	0x6c44	movss		rw
sim/cockpit2/gauges/indicators/pitch_vacuum_deg_pilot	0x1461020e0	0x6c40	movss		rw
sim/cockpit2/gauges/indicators/prop_sync_degrees	0x1461020e0	0x6598	movss		rw
sim/cockpit2/gauges/indicators/radio_altimeter_dh_lit_copilot	0x1461020e0	0x6d34	movl		rw
sim/cockpit2/gauges/indicators/radio_altimeter_dh_lit_pilot	0x1461020e0	0x6d30	movl		rw
sim/cockpit2/gauges/indicators/radio_altimeter_height_ft_copilot	0x1461020e0	0x6d1c	movss		rw
sim/cockpit2/gauges/indicators/radio_altimeter_height_ft_pilot	0x1461020e0	0x6d18	movss		rw
sim/cockpit2/gauges/indicators/roll_AHARS_deg_copilot	0x1461020e0	0x6c4c	movss		rw
sim/cockpit2/gauges/indicators/roll_AHARS_deg_pilot	0x1461020e0	0x6c48	movss		rw
sim/cockpit2/gauges/indicators/roll_electric_deg_copilot	0x1461020e0	0x6c54	movss		rw
sim/cockpit2/gauges/indicators/roll_electric_deg_pilot	0x1461020e0	0x6c50	movss		rw
sim/cockpit2/gauges/indicators/roll_vacuum_deg_copilot	0x1461020e0	0x6c5c	movss		rw
sim/cockpit2/gauges/indicators/roll_vacuum_deg_pilot	0x1461020e0	0x6c58	movss		rw
sim/cockpit2/gauges/indicators/SAT_copilot	0x1461020e0	0x6d04	movss		rw
sim/cockpit2/gauges/indicators/SAT_pilot	0x1461020e0	0x6d00	movss		rw
sim/cockpit2/gauges/indicators/SAT_stby	0x1461020e0	0x6d08	movss		rw
sim/cockpit2/gauges/indicators/slip_deg	0x1461020e0	0x6d70	movss		rw
sim/cockpit2/gauges/indicators/slip_deg_copilot	0x1461020e0	0x6d74	movss		rw
sim/cockpit2/gauges/indicators/suction_1_ratio	0x1461020e0	0x6ad0	movss		rw
sim/cockpit2/gauges/indicators/suction_2_ratio	0x1461020e0	0x6ad4	movss		rw
sim/cockpit2/gauges/indicators/takeoff_config_flap	0x1461020e0	0x6dc4	movl		rw
sim/cockpit2/gauges/indicators/takeoff_config_trim	0x1461020e0	0x6dc8	movss		rw
sim/cockpit2/gauges/indicators/TAT_copilot	0x1461020e0	0x6cf8	movss		rw
sim/cockpit2/gauges/indicators/TAT_pilot	0x1461020e0	0x6cf4	movss		rw
sim/cockpit2/gauges/indicators/TAT_stby	0x1461020e0	0x6cfc	movss		rw
sim/cockpit2/gauges/indicators/total_energy_fpm	0x1461020e0	0x6ddc	movss		rw
sim/cockpit2/gauges/indicators/true_airspeed_kts_copilot	0x1461020e0	0x6cac	movss		rw
sim/cockpit2/gauges/indicators/true_airspeed_kts_pilot	0x1461020e0	0x6ca8	movss		rw
sim/cockpit2/gauges/indicators/turn_rate_heading_deg_copilot	0x1461020e0	0x6d2c	movss		rw
sim/cockpit2/gauges/indicators/turn_rate_heading_deg_pilot	0x1461020e0	0x6d28	movss		rw
sim/cockpit2/gauges/indicators/turn_rate_roll_deg_copilot	0x1461020e0	0x6d24	movss		rw
sim/cockpit2/gauges/indicators/turn_rate_roll_deg_pilot	0x1461020e0	0x6d20	movss		rw
sim/cockpit2/gauges/indicators/vvi_fpm_copilot	0x1461020e0	0x6cdc	movss		rw
sim/cockpit2/gauges/indicators/vvi_fpm_pilot	0x1461020e0	0x6cd8	movss		rw
sim/cockpit2/gauges/indicators/wind_heading_deg_mag	0x1461020e0	0x6d78	movss		rw
sim/cockpit2/gauges/indicators/wind_heading_deg_mag_copilot	0x1461020e0	0x6d7c	movss		rw
sim/cockpit2/gauges/indicators/wind_speed_kts	0x1461020e0	0x6d80	movss		rw
sim/cockpit2/gauges/indicators/wind_speed_kts_copilot	0x1461020e0	0x6d84	movss		rw
sim/cockpit2/hydraulics/actuators/electric_hydraulic_pump_on	0x1461020e0	0xbde8	movl		rw
sim/cockpit2/hydraulics/actuators/electric_hydraulic_pump2_on	0x1461020e0	0xbdec	movl		rw
sim/cockpit2/hydraulics/actuators/electric_hydraulic_pump3_on	0x1461020e0	0xbdf0	movl		rw
sim/cockpit2/hydraulics/actuators/PTU	0x1461020e0	0xbdf8	movl		rw
sim/cockpit2/hydraulics/actuators/ram_air_turbine_on	0x1461020e0	0xbdf4	movl		rw
sim/cockpit2/hydraulics/indicators/brake_accumulator_pressure_ratio	0x1461020e0	0xbe28	movss		ro
sim/cockpit2/hydraulics/indicators/hydraulic_fluid_ratio_1	0x1461020e0	0xbe2c	movss		ro
sim/cockpit2/hydraulics/indicators/hydraulic_fluid_ratio_2	0x1461020e0	0xbe30	movss		ro
sim/cockpit2/hydraulics/indicators/hydraulic_fluid_ratio_3	0x1461020e0	0xbe34	movss		ro
sim/cockpit2/hydraulics/indicators/hydraulic_pressure_1	0x1461020e0	0xbe38	movss		ro
sim/cockpit2/hydraulics/indicators/hydraulic_pressure_2	0x1461020e0	0xbe3c	movss		ro
sim/cockpit2/hydraulics/indicators/hydraulic_pressure_3	0x1461020e0	0xbe40	movss		ro
sim/cockpit2/ice/ice_AOA_heat_on	0x1461020e0	0xb5c4	movl		rw
sim/cockpit2/ice/ice_AOA_heat_on_copilot	0x1461020e0	0xb5c8	movl		rw
sim/cockpit2/ice/ice_AOA_heat_on_stby	0x1461020e0	0xb5cc	movl		rw
sim/cockpit2/ice/ice_deice_holdover_time_left_minutes	0x1461020e0	0xb848	movss		rw
sim/cockpit2/ice/ice_detect_on	0x1461020e0	0xb590	movl		rw
sim/cockpit2/ice/ice_inlet_heat_on	0x1461020e0	0xb64c	movl		rw
sim/cockpit2/ice/ice_pitot_heat_on_copilot	0x1461020e0	0xb5b0	movl		rw
sim/cockpit2/ice/ice_pitot_heat_on_pilot	0x1461020e0	0xb5ac	movl		rw
sim/cockpit2/ice/ice_pitot_heat_on_standby	0x1461020e0	0xb5b4	movl		rw
sim/cockpit2/ice/ice_prop_heat_on	0x1461020e0	0xb6cc	movl		rw
sim/cockpit2/ice/ice_static_heat_on_copilot	0x1461020e0	0xb5bc	movl		rw
sim/cockpit2/ice/ice_static_heat_on_pilot	0x1461020e0	0xb5b8	movl		rw
sim/cockpit2/ice/ice_static_heat_on_standby	0x1461020e0	0xb5c0	movl		rw
sim/cockpit2/ice/ice_surface_boot_left_on	0x1461020e0	0xb5ec	movl		rw
sim/cockpit2/ice/ice_surface_boot_right_on	0x1461020e0	0xb5f0	movl		rw
sim/cockpit2/ice/ice_surface_hot_bleed_air_left_on	0x1461020e0	0xb5e4	movl		rw
sim/cockpit2/ice/ice_surface_hot_bleed_air_right_on	0x1461020e0	0xb5e8	movl		rw
sim/cockpit2/ice/ice_surface_tks_left_on	0x1461020e0	0xb60c	movl		rw
sim/cockpit2/ice/ice_surface_tks_right_on	0x1461020e0	0xb610	movl		rw
sim/cockpit2/ice/ice_surfce_heat_left_on	0x1461020e0	0xb5dc	movl		rw
sim/cockpit2/ice/ice_surfce_heat_right_on	0x1461020e0	0xb5e0	movl		rw
sim/cockpit2/ice/ice_tail_boot_left_on	0x1461020e0	0xb624	movl		rw
sim/cockpit2/ice/ice_tail_boot_right_on	0x1461020e0	0xb628	movl		rw
sim/cockpit2/ice/ice_tail_heat_left_on	0x1461020e0	0xb614	movl		rw
sim/cockpit2/ice/ice_tail_heat_right_on	0x1461020e0	0xb618	movl		rw
sim/cockpit2/ice/ice_tail_hot_bleed_air_left_on	0x1461020e0	0xb61c	movl		rw
sim/cockpit2/ice/ice_tail_hot_bleed_air_right_on	0x1461020e0	0xb620	movl		rw
sim/cockpit2/ice/ice_tail_tks_left_on	0x1461020e0	0xb644	movl		rw
sim/cockpit2/ice/ice_tail_tks_right_on	0x1461020e0	0xb648	movl		rw
sim/cockpit2/ice/ice_tailplane_man	0x1461020e0	0xb5a4	movl		rw
sim/cockpit2/ice/ice_TAT_heat_on	0x1461020e0	0xb5d0	movl		rw
sim/cockpit2/ice/ice_TAT_heat_on_copilot	0x1461020e0	0xb5d4	movl		rw
sim/cockpit2/ice/ice_TAT_heat_on_stby	0x1461020e0	0xb5d8	movl		rw
sim/cockpit2/ice/ice_tks_fluid_liter	0x1461020e0	0xb838	movss		rw
sim/cockpit2/ice/ice_window_heat_on	0x1461020e0	0xb594	movl		rw
sim/cockpit2/ice/ice_wing_hot_bleed_air_crossover_valve	0x1461020e0	0xb5a8	movl		rw
sim/cockpit2/ice/tks_max_time_left	0x1461020e0	0xb840	movss		rw
sim/cockpit2/oxygen/actuators/demand_flow_setting	0x1461020e0	0xbdc8	movl		rw
sim/cockpit2/oxygen/actuators/num_plugged_in_o2	0x1461020e0	0xbdc0	movl		rw
sim/cockpit2/oxygen/actuators/o2_valve_on	0x1461020e0	0xbdc4	movl		rw
sim/cockpit2/oxygen/indicators/o2_bottle_rem_liter	0x1461020e0	0xbdb8	movss		rw
sim/cockpit2/oxygen/indicators/pass_oxygenator_min_rem	0x1461020e0	0xbdcc	movss		rw
sim/cockpit2/oxygen/indicators/pass_oxygenator_working	0x1461020e0	0xbdd0	movl		ro
sim/cockpit2/oxygen/indicators/pilot_felt_altitude_ft	0x1461020e0	0xbdbc	movss		rw
sim/cockpit2/pressurization/actuators/air_cond_on	0x1461020e0	0xbd8c	movl		rw
sim/cockpit2/pressurization/actuators/cabin_altitude_ft	0x1461020e0	0xbd6c	movss		rw
sim/cockpit2/pressurization/actuators/cabin_vvi_fpm	0x1461020e0	0xbd70	movss		rw
sim/cockpit2/pressurization/actuators/dump_all_on	0x1461020e0	0xbd64	movl		rw
sim/cockpit2/pressurization/actuators/dump_to_altitude_on	0x1461020e0	0xbd60	movl		rw
sim/cockpit2/pressurization/actuators/fan_setting	0x1461020e0	0xbd94	movl		rw
sim/cockpit2/pressurization/actuators/heater_on	0x1461020e0	0xbd90	movl		rw
sim/cockpit2/pressurization/actuators/max_allowable_altitude_ft	0x1461020e0	0xbd80	movss		rw
sim/cockpit2/pressurization/indicators/cabin_altitude_ft	0x1461020e0	0xbd74	movss		ro
sim/cockpit2/pressurization/indicators/cabin_vvi_fpm	0x1461020e0	0xbd78	movss		ro
sim/cockpit2/pressurization/indicators/fan_speed	0x1461020e0	0xbd84	movss		rw
sim/cockpit2/pressurization/indicators/outflow_valve	0x1461020e0	0xbd88	movss		rw
sim/cockpit2/pressurization/indicators/pressure_diffential_psi	0x1461020e0	0xbd7c	movss		ro
sim/cockpit2/radios/actuators/adf1_card_heading_deg_mag_copilot	0x1461020e0	0x950c	movss		rw
sim/cockpit2/radios/actuators/adf1_card_heading_deg_mag_pilot	0x1461020e0	0x9508	movss		rw
sim/cockpit2/radios/actuators/adf1_frequency_hz	0x1461020e0	0x8760	movl		rw
sim/cockpit2/radios/actuators/adf1_power	0x1461020e0	0x5b4	movl		rw
sim/cockpit2/radios/actuators/adf1_right_is_selected	0x1461020e0	0x8870	movl		rw
sim/cockpit2/radios/actuators/adf1_standby_frequency_hz	0x1461020e0	0x87a4	movl		rw
sim/cockpit2/radios/actuators/adf2_card_heading_deg_mag_copilot	0x1461020e0	0x9514	movss		rw
sim/cockpit2/radios/actuators/adf2_card_heading_deg_mag_pilot	0x1461020e0	0x9510	movss		rw
sim/cockpit2/radios/actuators/adf2_frequency_hz	0x1461020e0	0x8764	movl		rw
sim/cockpit2/radios/actuators/adf2_power	0x1461020e0	0x5b8	movl		rw
sim/cockpit2/radios/actuators/adf2_right_is_selected	0x1461020e0	0x8874	movl		rw
sim/cockpit2/radios/actuators/adf2_standby_frequency_hz	0x1461020e0	0x87a8	movl		rw
sim/cockpit2/radios/actuators/audio_com_selection	0x1461020e0	0xaf48	movl		rw
sim/cockpit2/radios/actuators/audio_com_selection_man	0x1461020e0	0xaf48	movl		rw
sim/cockpit2/radios/actuators/audio_com_selection_man_copilot	0x1461020e0	0xaf50	movl		rw
sim/cockpit2/radios/actuators/audio_dme_enabled	0x1461020e0	0xb158	movl		rw
sim/cockpit2/radios/actuators/audio_dme_enabled_copilot	0x1461020e0	0xb1d8	movl		rw
sim/cockpit2/radios/actuators/audio_marker_enabled	0x1461020e0	0xb15c	movl		rw
sim/cockpit2/radios/actuators/audio_marker_enabled_copilot	0x1461020e0	0xb1dc	movl		rw
sim/cockpit2/radios/actuators/audio_selection_adf1	0x1461020e0	0xb138	movl		rw
sim/cockpit2/radios/actuators/audio_selection_adf1_copilot	0x1461020e0	0xb1b8	movl		rw
sim/cockpit2/radios/actuators/audio_selection_adf2	0x1461020e0	0xb13c	movl		rw
sim/cockpit2/radios/actuators/audio_selection_adf2_copilot	0x1461020e0	0xb1bc	movl		rw
sim/cockpit2/radios/actuators/audio_selection_com_auto	0x1461020e0	0xaf4c	movl		rw
sim/cockpit2/radios/actuators/audio_selection_com_auto_copilot	0x1461020e0	0xaf54	movl		rw
sim/cockpit2/radios/actuators/audio_selection_com1	0x1461020e0	0xb148	movl		rw
sim/cockpit2/radios/actuators/audio_selection_com1_copilot	0x1461020e0	0xb1c8	movl		rw
sim/cockpit2/radios/actuators/audio_selection_com2	0x1461020e0	0xb14c	movl		rw
sim/cockpit2/radios/actuators/audio_selection_com2_copilot	0x1461020e0	0xb1cc	movl		rw
sim/cockpit2/radios/actuators/audio_selection_dme1	0x1461020e0	0xb160	movl		rw
sim/cockpit2/radios/actuators/audio_selection_dme1_copilot	0x1461020e0	0xb1e0	movl		rw
sim/cockpit2/radios/actuators/audio_selection_dme2	0x1461020e0	0xb164	movl		rw
sim/cockpit2/radios/actuators/audio_selection_dme2_copilot	0x1461020e0	0xb1e4	movl		rw
sim/cockpit2/radios/actuators/audio_selection_nav1	0x1461020e0	0xb130	movl		rw
sim/cockpit2/radios/actuators/audio_selection_nav1_copilot	0x1461020e0	0xb1b0	movl		rw
sim/cockpit2/radios/actuators/audio_selection_nav2	0x1461020e0	0xb134	movl		rw
sim/cockpit2/radios/actuators/audio_selection_nav2_copilot	0x1461020e0	0xb1b4	movl		rw
sim/cockpit2/radios/actuators/audio_selection_nav3	0x1461020e0	0xb168	movl		rw
sim/cockpit2/radios/actuators/audio_selection_nav3_copilot	0x1461020e0	0xb1e8	movl		rw
sim/cockpit2/radios/actuators/audio_selection_nav4	0x1461020e0	0xb16c	movl		rw
sim/cockpit2/radios/actuators/audio_selection_nav4_copilot	0x1461020e0	0xb1ec	movl		rw
sim/cockpit2/radios/actuators/audio_volume_adf1	0x1461020e0	0xb178	movss		rw
sim/cockpit2/radios/actuators/audio_volume_adf1_copilot	0x1461020e0	0xb1f8	movss		rw
sim/cockpit2/radios/actuators/audio_volume_adf2	0x1461020e0	0xb17c	movss		rw
sim/cockpit2/radios/actuators/audio_volume_adf2_copilot	0x1461020e0	0xb1fc	movss		rw
sim/cockpit2/radios/actuators/audio_volume_com1	0x1461020e0	0xb188	movss		rw
sim/cockpit2/radios/actuators/audio_volume_com1_copilot	0x1461020e0	0xb208	movss		rw
sim/cockpit2/radios/actuators/audio_volume_com2	0x1461020e0	0xb18c	movss		rw
sim/cockpit2/radios/actuators/audio_volume_com2_copilot	0x1461020e0	0xb20c	movss		rw
sim/cockpit2/radios/actuators/audio_volume_dme	0x1461020e0	0xb198	movss		rw
sim/cockpit2/radios/actuators/audio_volume_dme_copilot	0x1461020e0	0xb218	movss		rw
sim/cockpit2/radios/actuators/audio_volume_dme1	0x1461020e0	0xb1a0	movss		rw
sim/cockpit2/radios/actuators/audio_volume_dme1_copilot	0x1461020e0	0xb220	movss		rw
sim/cockpit2/radios/actuators/audio_volume_dme2	0x1461020e0	0xb1a4	movss		rw
sim/cockpit2/radios/actuators/audio_volume_dme2_copilot	0x1461020e0	0xb224	movss		rw
sim/cockpit2/radios/actuators/audio_volume_mark	0x1461020e0	0xb19c	movss		rw
sim/cockpit2/radios/actuators/audio_volume_mark_copilot	0x1461020e0	0xb21c	movss		rw
sim/cockpit2/radios/actuators/audio_volume_nav1	0x1461020e0	0xb170	movss		rw
sim/cockpit2/radios/actuators/audio_volume_nav1_copilot	0x1461020e0	0xb1f0	movss		rw
sim/cockpit2/radios/actuators/audio_volume_nav2	0x1461020e0	0xb174	movss		rw
sim/cockpit2/radios/actuators/audio_volume_nav2_copilot	0x1461020e0	0xb1f4	movss		rw
sim/cockpit2/radios/actuators/audio_volume_nav3	0x1461020e0	0xb1a8	movss		rw
sim/cockpit2/radios/actuators/audio_volume_nav3_copilot	0x1461020e0	0xb228	movss		rw
sim/cockpit2/radios/actuators/audio_volume_nav4	0x1461020e0	0xb1ac	movss		rw
sim/cockpit2/radios/actuators/audio_volume_nav4_copilot	0x1461020e0	0xb22c	movss		rw
sim/cockpit2/radios/actuators/com1_frequency_hz_833	0x1461020e0	0x644	movl		rw
sim/cockpit2/radios/actuators/com1_power	0x1461020e0	0x5f0	movl		rw
sim/cockpit2/radios/actuators/com1_right_is_selected	0x1461020e0	0x88ac	movl		rw
sim/cockpit2/radios/actuators/com1_standby_frequency_hz_833	0x1461020e0	0x688	movl		rw
sim/cockpit2/radios/actuators/com2_frequency_hz_833	0x1461020e0	0x648	movl		rw
sim/cockpit2/radios/actuators/com2_power	0x1461020e0	0x5f4	movl		rw
sim/cockpit2/radios/actuators/com2_right_is_selected	0x1461020e0	0x88b0	movl		rw
sim/cockpit2/radios/actuators/com2_standby_frequency_hz_833	0x1461020e0	0x68c	movl		rw
sim/cockpit2/radios/actuators/dme_frequency_hz	0x1461020e0	0x8770	movl		rw
sim/cockpit2/radios/actuators/DME_mode	0x1461020e0	0xaf40	movl		rw
sim/cockpit2/radios/actuators/dme_power	0x1461020e0	0x5c4	movl		rw
sim/cockpit2/radios/actuators/dme_right_is_selected	0x1461020e0	0x8880	movl		rw
sim/cockpit2/radios/actuators/dme_standby_frequency_hz	0x1461020e0	0x87b4	movl		rw
sim/cockpit2/radios/actuators/gps_power	0x1461020e0	0x5bc	movl		rw
sim/cockpit2/radios/actuators/gps2_power	0x1461020e0	0x5c0	movl		rw
sim/cockpit2/radios/actuators/marker_sens	0x1461020e0	0xaf34	movl		rw
sim/cockpit2/radios/actuators/nav_com_adf_mode	0x1461020e0	0xaf44	movl		rw
sim/cockpit2/radios/actuators/nav1_course_deg_mag_copilot	0x1461020e0	0x9584	movss		rw
sim/cockpit2/radios/actuators/nav1_course_deg_mag_pilot	0x1461020e0	0x9580	movss		rw
sim/cockpit2/radios/actuators/nav1_frequency_hz	0x1461020e0	0x8758	movl		rw
sim/cockpit2/radios/actuators/nav1_obs_deg_mag_copilot	0x1461020e0	0x9474	movss		rw
sim/cockpit2/radios/actuators/nav1_obs_deg_mag_pilot	0x1461020e0	0x9470	movss		rw
sim/cockpit2/radios/actuators/nav1_power	0x1461020e0	0x5ac	movl		rw
sim/cockpit2/radios/actuators/nav1_right_is_selected	0x1461020e0	0x8868	movl		rw
sim/cockpit2/radios/actuators/nav1_standby_frequency_hz	0x1461020e0	0x879c	movl		rw
sim/cockpit2/radios/actuators/nav2_course_deg_mag_copilot	0x1461020e0	0x958c	movss		rw
sim/cockpit2/radios/actuators/nav2_course_deg_mag_pilot	0x1461020e0	0x9588	movss		rw
sim/cockpit2/radios/actuators/nav2_frequency_hz	0x1461020e0	0x875c	movl		rw
sim/cockpit2/radios/actuators/nav2_obs_deg_mag_copilot	0x1461020e0	0x947c	movss		rw
sim/cockpit2/radios/actuators/nav2_obs_deg_mag_pilot	0x1461020e0	0x9478	movss		rw
sim/cockpit2/radios/actuators/nav2_power	0x1461020e0	0x5b0	movl		rw
sim/cockpit2/radios/actuators/nav2_right_is_selected	0x1461020e0	0x886c	movl		rw
sim/cockpit2/radios/actuators/nav2_standby_frequency_hz	0x1461020e0	0x87a0	movl		rw
sim/cockpit2/radios/actuators/RMI_left_use_adf_copilot	0x1461020e0	0xaeb8	movl		rw
sim/cockpit2/radios/actuators/RMI_left_use_adf_pilot	0x1461020e0	0xaeb4	movl		rw
sim/cockpit2/radios/actuators/RMI_right_use_adf_copilot	0x1461020e0	0xaec0	movl		rw
sim/cockpit2/radios/actuators/RMI_right_use_adf_pilot	0x1461020e0	0xaebc	movl		rw
sim/cockpit2/radios/actuators/transponder_code	0x1461020e0	0x634	movl		rw
sim/cockpit2/radios/actuators/transponder_mode	0x1461020e0	0x6478	movl		rw
sim/cockpit2/radios/indicators/adf1_bearing_deg_mag	0x1461020e0	0x8f6c	movss		rw
sim/cockpit2/radios/indicators/adf1_dme_distance_nm	0x1461020e0	0x9654	movss		rw
sim/cockpit2/radios/indicators/adf1_dme_speed_kts	0x1461020e0	0x9698	movss		rw
sim/cockpit2/radios/indicators/adf1_dme_time_min	0x1461020e0	0x96dc	movss		rw
sim/cockpit2/radios/indicators/adf1_has_dme	0x1461020e0	0x89d8	movl		rw
sim/cockpit2/radios/indicators/adf1_relative_bearing_deg	0x1461020e0	0x8ee4	movss		rw
sim/cockpit2/radios/indicators/adf2_bearing_deg_mag	0x1461020e0	0x8f70	movss		rw
sim/cockpit2/radios/indicators/adf2_dme_distance_nm	0x1461020e0	0x9658	movss		rw
sim/cockpit2/radios/indicators/adf2_dme_speed_kts	0x1461020e0	0x969c	movss		rw
sim/cockpit2/radios/indicators/adf2_dme_time_min	0x1461020e0	0x96e0	movss		rw
sim/cockpit2/radios/indicators/adf2_has_dme	0x1461020e0	0x89dc	movl		rw
sim/cockpit2/radios/indicators/adf2_relative_bearing_deg	0x1461020e0	0x8ee8	movss		rw
sim/cockpit2/radios/indicators/dme_dme_distance_nm	0x1461020e0	0x9664	movss		rw
sim/cockpit2/radios/indicators/dme_dme_speed_kts	0x1461020e0	0x96a8	movss		rw
sim/cockpit2/radios/indicators/dme_dme_time_min	0x1461020e0	0x96ec	movss		rw
sim/cockpit2/radios/indicators/dme_has_dme	0x1461020e0	0x89e8	movl		rw
sim/cockpit2/radios/indicators/fac	0x1461020e0	0xada0	movss		ro
sim/cockpit2/radios/indicators/fac_copilot	0x1461020e0	0xada4	movss		ro
sim/cockpit2/radios/indicators/fas_has_dme	0x1461020e0	0xada8	movl		ro
sim/cockpit2/radios/indicators/fas_has_dme_copilot	0x1461020e0	0xadac	movl		ro
sim/cockpit2/radios/indicators/fms_acceleration_alt	0x1461020e0	0xb09c	movss		ro
sim/cockpit2/radios/indicators/fms_distance_to_tod_pilot	0x1461020e0	0xb0f4	movss		ro
sim/cockpit2/radios/indicators/fms_exec_light_copilot	0x1461020e0	0xb528	movl		ro
sim/cockpit2/radios/indicators/fms_exec_light_pilot	0x1461020e0	0xb524	movl		ro
sim/cockpit2/radios/indicators/fms_fpta_pilot	0x1461020e0	0xb084	movss		ro
sim/cockpit2/radios/indicators/fms_gross_weight	0x1461020e0	0xb0b0	movss		ro
sim/cockpit2/radios/indicators/fms_sel_flap_setting	0x1461020e0	0xb0d4	movl		ro
sim/cockpit2/radios/indicators/fms_thrust_reduction_alt	0x1461020e0	0xb0a4	movss		ro
sim/cockpit2/radios/indicators/fms_tod_before_distance_pilot	0x1461020e0	0xb0ec	movss		ro
sim/cockpit2/radios/indicators/fms_tod_before_index_pilot	0x1461020e0	0xb0e4	movl		ro
sim/cockpit2/radios/indicators/fms_vertical_msg_copilot	0x1461020e0	0xb0b8	movl		ro
sim/cockpit2/radios/indicators/fms_vertical_msg_pilot	0x1461020e0	0xb0b4	movl		ro
sim/cockpit2/radios/indicators/fms_vpa_pilot	0x1461020e0	0xb08c	movss		ro
sim/cockpit2/radios/indicators/fms_vtk_pilot	0x1461020e0	0xb094	movss		ro
sim/cockpit2/radios/indicators/fms_zero_fuel_weight	0x1461020e0	0xb0ac	movss		ro
sim/cockpit2/radios/indicators/fms1_act_eta	0x1461020e0	0xadc0	movss		ro
sim/cockpit2/radios/indicators/fms2_act_eta	0x1461020e0	0xadc4	movss		ro
sim/cockpit2/radios/indicators/gps_bearing_deg_mag	0x1461020e0	0x8f74	movss		rw
sim/cockpit2/radios/indicators/gps_dme_distance_nm	0x1461020e0	0x965c	movss		rw
sim/cockpit2/radios/indicators/gps_dme_speed_kts	0x1461020e0	0x96a0	movss		rw
sim/cockpit2/radios/indicators/gps_dme_time_min	0x1461020e0	0x96e4	movss		rw
sim/cockpit2/radios/indicators/gps_has_dme	0x1461020e0	0x89e0	movl		rw
sim/cockpit2/radios/indicators/gps_hdef_dots_copilot	0x1461020e0	0x90dc	movss		rw
sim/cockpit2/radios/indicators/gps_hdef_dots_pilot	0x1461020e0	0x90d8	movss		rw
sim/cockpit2/radios/indicators/gps_relative_bearing_deg	0x1461020e0	0x8eec	movss		rw
sim/cockpit2/radios/indicators/gps_relative_heading_AHARS_deg_copilot	0x1461020e0	0x9494	movss		ro
sim/cockpit2/radios/indicators/gps_relative_heading_AHARS_deg_pilot	0x1461020e0	0x9490	movss		ro
sim/cockpit2/radios/indicators/gps_relative_heading_electric_deg_copilot	0x1461020e0	0x9494	movss		ro
sim/cockpit2/radios/indicators/gps_relative_heading_electric_deg_pilot	0x1461020e0	0x9490	movss		ro
sim/cockpit2/radios/indicators/gps_relative_heading_vacuum_deg_copilot	0x1461020e0	0x9494	movss		ro
sim/cockpit2/radios/indicators/gps_relative_heading_vacuum_deg_pilot	0x1461020e0	0x9490	movss		ro
sim/cockpit2/radios/indicators/gps_xtk	0x1461020e0	0xadb8	movss		rw
sim/cockpit2/radios/indicators/gps2_bearing_deg_mag	0x1461020e0	0x8f78	movss		rw
sim/cockpit2/radios/indicators/gps2_dme_distance_nm	0x1461020e0	0x9660	movss		rw
sim/cockpit2/radios/indicators/gps2_dme_speed_kts	0x1461020e0	0x96a4	movss		rw
sim/cockpit2/radios/indicators/gps2_dme_time_min	0x1461020e0	0x96e8	movss		rw
sim/cockpit2/radios/indicators/gps2_has_dme	0x1461020e0	0x89e4	movl		rw
sim/cockpit2/radios/indicators/gps2_hdef_dots_copilot	0x1461020e0	0x90e4	movss		rw
sim/cockpit2/radios/indicators/gps2_hdef_dots_pilot	0x1461020e0	0x90e0	movss		rw
sim/cockpit2/radios/indicators/gps2_relative_bearing_deg	0x1461020e0	0x8ef0	movss		rw
sim/cockpit2/radios/indicators/gps2_relative_heading_AHARS_deg_copilot	0x1461020e0	0x949c	movss		ro
sim/cockpit2/radios/indicators/gps2_relative_heading_AHARS_deg_pilot	0x1461020e0	0x9498	movss		ro
sim/cockpit2/radios/indicators/gps2_relative_heading_electric_deg_copilot	0x1461020e0	0x949c	movss		ro
sim/cockpit2/radios/indicators/gps2_relative_heading_electric_deg_pilot	0x1461020e0	0x9498	movss		ro
sim/cockpit2/radios/indicators/gps2_relative_heading_vacuum_deg_copilot	0x1461020e0	0x949c	movss		ro
sim/cockpit2/radios/indicators/gps2_relative_heading_vacuum_deg_pilot	0x1461020e0	0x9498	movss		ro
sim/cockpit2/radios/indicators/gps2_xtk	0x1461020e0	0xadbc	movss		rw
sim/cockpit2/radios/indicators/ian_mode	0x1461020e0	0x7d1c	movl		rw
sim/cockpit2/radios/indicators/inner_marker_lit	0x1461020e0	0xaf18	movl		rw
sim/cockpit2/radios/indicators/inner_marker_signal_ratio	0x1461020e0	0xaf0c	movss		ro
sim/cockpit2/radios/indicators/landing_alt_copilot	0x1461020e0	0xb0e0	movss		ro
sim/cockpit2/radios/indicators/landing_alt_pilot	0x1461020e0	0xb0dc	movss		ro
sim/cockpit2/radios/indicators/ltp_dist_nm	0x1461020e0	0xadb0	movss		ro
sim/cockpit2/radios/indicators/ltp_dist_nm_copilot	0x1461020e0	0xadb4	movss		ro
sim/cockpit2/radios/indicators/middle_marker_lit	0x1461020e0	0xaf14	movl		rw
sim/cockpit2/radios/indicators/middle_marker_signal_ratio	0x1461020e0	0xaf08	movss		ro
sim/cockpit2/radios/indicators/nav_src_ref	0x1461020e0	0x7d20	movl		ro
sim/cockpit2/radios/indicators/nav1_bearing_deg_mag	0x1461020e0	0x8f64	movss		rw
sim/cockpit2/radios/indicators/nav1_dme_distance_nm	0x1461020e0	0x964c	movss		rw
sim/cockpit2/radios/indicators/nav1_dme_speed_kts	0x1461020e0	0x9690	movss		rw
sim/cockpit2/radios/indicators/nav1_dme_time_min	0x1461020e0	0x96d4	movss		rw
sim/cockpit2/radios/indicators/nav1_flag_from_to_copilot	0x1461020e0	0x9034	movl		rw
sim/cockpit2/radios/indicators/nav1_flag_from_to_pilot	0x1461020e0	0x9030	movl		rw
sim/cockpit2/radios/indicators/nav1_has_dme	0x1461020e0	0x89d0	movl		rw
sim/cockpit2/radios/indicators/nav1_hdef_dots_copilot	0x1461020e0	0x90bc	movss		rw
sim/cockpit2/radios/indicators/nav1_hdef_dots_pilot	0x1461020e0	0x90b8	movss		rw
sim/cockpit2/radios/indicators/nav1_relative_bearing_deg	0x1461020e0	0x8edc	movss		rw
sim/cockpit2/radios/indicators/nav1_relative_heading_AHARS_deg_copilot	0x1461020e0	0x9474	movss		ro
sim/cockpit2/radios/indicators/nav1_relative_heading_AHARS_deg_pilot	0x1461020e0	0x9470	movss		ro
sim/cockpit2/radios/indicators/nav1_relative_heading_electric_deg_copilot	0x1461020e0	0x9474	movss		ro
sim/cockpit2/radios/indicators/nav1_relative_heading_electric_deg_pilot	0x1461020e0	0x9470	movss		ro
sim/cockpit2/radios/indicators/nav1_relative_heading_vacuum_deg_copilot	0x1461020e0	0x9474	movss		ro
sim/cockpit2/radios/indicators/nav1_relative_heading_vacuum_deg_pilot	0x1461020e0	0x9470	movss		ro
sim/cockpit2/radios/indicators/nav1_vdef_dots_copilot	0x1461020e0	0x9144	movss		rw
sim/cockpit2/radios/indicators/nav1_vdef_dots_pilot	0x1461020e0	0x9140	movss		rw
sim/cockpit2/radios/indicators/nav2_bearing_deg_mag	0x1461020e0	0x8f68	movss		rw
sim/cockpit2/radios/indicators/nav2_dme_distance_nm	0x1461020e0	0x9650	movss		rw
sim/cockpit2/radios/indicators/nav2_dme_speed_kts	0x1461020e0	0x9694	movss		rw
sim/cockpit2/radios/indicators/nav2_dme_time_min	0x1461020e0	0x96d8	movss		rw
sim/cockpit2/radios/indicators/nav2_flag_from_to_copilot	0x1461020e0	0x903c	movl		rw
sim/cockpit2/radios/indicators/nav2_flag_from_to_pilot	0x1461020e0	0x9038	movl		rw
sim/cockpit2/radios/indicators/nav2_has_dme	0x1461020e0	0x89d4	movl		rw
sim/cockpit2/radios/indicators/nav2_hdef_dots_copilot	0x1461020e0	0x90c4	movss		rw
sim/cockpit2/radios/indicators/nav2_hdef_dots_pilot	0x1461020e0	0x90c0	movss		rw
sim/cockpit2/radios/indicators/nav2_relative_bearing_deg	0x1461020e0	0x8ee0	movss		rw
sim/cockpit2/radios/indicators/nav2_relative_heading_AHARS_deg_copilot	0x1461020e0	0x947c	movss		ro
sim/cockpit2/radios/indicators/nav2_relative_heading_AHARS_deg_pilot	0x1461020e0	0x9478	movss		ro
sim/cockpit2/radios/indicators/nav2_relative_heading_electric_deg_copilot	0x1461020e0	0x947c	movss		ro
sim/cockpit2/radios/indicators/nav2_relative_heading_electric_deg_pilot	0x1461020e0	0x9478	movss		ro
sim/cockpit2/radios/indicators/nav2_relative_heading_vacuum_deg_copilot	0x1461020e0	0x947c	movss		ro
sim/cockpit2/radios/indicators/nav2_relative_heading_vacuum_deg_pilot	0x1461020e0	0x9478	movss		ro
sim/cockpit2/radios/indicators/nav2_vdef_dots_copilot	0x1461020e0	0x914c	movss		rw
sim/cockpit2/radios/indicators/nav2_vdef_dots_pilot	0x1461020e0	0x9148	movss		rw
sim/cockpit2/radios/indicators/outer_marker_lit	0x1461020e0	0xaf10	movl		rw
sim/cockpit2/radios/indicators/outer_marker_signal_ratio	0x1461020e0	0xaf04	movss		ro
sim/cockpit2/radios/indicators/transponder_brightness	F	0x6480	movss		ro
sim/cockpit2/radios/indicators/transponder_id	F	0x6474	movl		ro
sim/cockpit2/switches/alternate_static_air_ratio	0x1461020e0	0x5a4	movss		rw
sim/cockpit2/switches/artificial_stability_pitch_on	0x1461020e0	0x7c	movl		rw
sim/cockpit2/switches/artificial_stability_roll_on	0x1461020e0	0x80	movl		rw
sim/cockpit2/switches/auto_brake_level	0x1461020e0	0x574	movl		rw
sim/cockpit2/switches/auto_reverse_on	0x1461020e0	0x580	movl		rw
sim/cockpit2/switches/avionics_power_on	0x1461020e0	0x55c	movl		rw
sim/cockpit2/switches/beacon_on	0x1461020e0	0x860	movl		rw
sim/cockpit2/switches/camera_power_on	0x1461020e0	0x570	movl		rw
sim/cockpit2/switches/canopy_open	0x1461020e0	0x6504	movl		rw
sim/cockpit2/switches/clutch_engage	0x1461020e0	0xbcf0	movl		rw
sim/cockpit2/switches/clutch_ratio	0x1461020e0	0xbcf8	movss		rw
sim/cockpit2/switches/dump_fuel	0x1461020e0	0xbca8	movl		rw
sim/cockpit2/switches/dump_water	0x1461020e0	0x64d8	movl		rw
sim/cockpit2/switches/electric_hydraulic_pump_on	0x1461020e0	0xbde8	movl		rw
sim/cockpit2/switches/electric_hydraulic_pump2_on	0x1461020e0	0xbdec	movl		rw
sim/cockpit2/switches/fasten_seat_belts	0x1461020e0	0x56c	movl		rw
sim/cockpit2/switches/gnd_com_power_on	0x1461020e0	0x564	movl		rw
sim/cockpit2/switches/hotel_mode	0x1461020e0	0x6520	movl		rw
sim/cockpit2/switches/hotel_mode_ratio	0x1461020e0	0x6540	movss		rw
sim/cockpit2/switches/HSI_is_arc	0x1461020e0	0xae58	movl		rw
sim/cockpit2/switches/HSI_is_arc_copilot	0x1461020e0	0xae5c	movl		rw
sim/cockpit2/switches/HUD_brightness_ratio	0x1461020e0	0x6de4	movss		rw
sim/cockpit2/switches/HUD_on	0x1461020e0	0x6de0	movl		rw
sim/cockpit2/switches/jato_on	0x1461020e0	0x6514	movl		rw
sim/cockpit2/switches/jet_sync_mode	0x1461020e0	0x588	movl		rw
sim/cockpit2/switches/navigation_lights_on	0x1461020e0	0x858	movl		rw
sim/cockpit2/switches/no_smoking	0x1461020e0	0x568	movl		rw
sim/cockpit2/switches/parachute_deploy	0x1461020e0	0x650c	movl		rw
sim/cockpit2/switches/pre_rotate_level	0x1461020e0	0xbcf4	movl		rw
sim/cockpit2/switches/prop_feather_mode	0x1461020e0	0x6440	movl		rw
sim/cockpit2/switches/prop_sync_on	0x1461020e0	0x584	movl		rw
sim/cockpit2/switches/puffers_on	0x1461020e0	0x57c	movl		rw
sim/cockpit2/switches/ram_air_turbine_on	0x1461020e0	0xbdf4	movl		rw
sim/cockpit2/switches/rocket_mode	0x1461020e0	0x6518	movl		rw
sim/cockpit2/switches/rotor_brake	0x1461020e0	0x651c	movl		rw
sim/cockpit2/switches/rotor_brake_ratio	0x1461020e0	0x653c	movss		rw
sim/cockpit2/switches/spot_light_on	0x1461020e0	0xcf8	movl		rw
sim/cockpit2/switches/standby_vacuum_pump	0x1461020e0	0x594	movl		rw
sim/cockpit2/switches/strobe_lights_on	0x1461020e0	0x868	movl		rw
sim/cockpit2/switches/tailhook_deploy	0x1461020e0	0x6508	movl		rw
sim/cockpit2/switches/taxi_light_on	0x1461020e0	0x870	movl		rw
sim/cockpit2/switches/total_energy_audio	0x1461020e0	0x6f18	movl		rw
sim/cockpit2/switches/total_energy_audio_on	0x1461020e0	0x6f18	movl		rw
sim/cockpit2/switches/water_scoop_deploy	0x1461020e0	0x64d4	movl		rw
sim/cockpit2/switches/wiper_speed	0x1461020e0	0x6444	movl		rw
sim/cockpit2/switches/yaw_damper_on	0x1461020e0	0x84	movl		rw
sim/cockpit2/tcas/indicators/tcas_active_advisory	0x1461020e0	0xaee8	movl		ro
sim/cockpit2/tcas/indicators/tcas_alert	0x1461020e0	0xaee0	movl		rw
sim/cockpit2/tcas/indicators/tcas_message	0x1461020e0	0xaee4	movl		ro
sim/cockpit2/temperature/outside_air_LE_temp_degc	0x1461020e0	0x64	movss		rw
sim/cockpit2/temperature/outside_air_LE_temp_degf	0x1461020e0	0x64	movss	*1.8	ro
sim/cockpit2/temperature/outside_air_temp_degc	0x1461020e0	0x5c	movss		rw
sim/cockpit2/temperature/outside_air_temp_degf	0x1461020e0	0x5c	movss	*1.8	ro
sim/cockpit2/temperature/outside_air_temp_is_metric	0x1461020e0	0x6dd0	movl		rw
sim/cockpit2/transmissions/indicators/oil_pressure	0x1461020e0	0x64ac	movss		rw
sim/cockpit2/transmissions/indicators/oil_temperature	0x1461020e0	0x64b0	movss		rw
sim/cockpit2/weapons/AA_heat_missile_armed	0x1461020e0	0xb9a8	movl		ro
sim/cockpit2/weapons/AA_heat_missile_has_tone	0x1461020e0	0xb9ac	movl		ro
sim/cockpit2/weapons/AA_heat_missile_trg_deg_offset	0x1461020e0	0xb9b0	movss		ro
sim/cockpit2/weapons/fire_mode	0x1461020e0	0xb9b4	movl		rw
sim/cockpit2/weapons/fire_rate	0x1461020e0	0xb9b8	movl		rw
sim/cockpit2/weapons/gun_offset_heading_ratio	0x1461020e8	0x1c74	movss		rw
sim/cockpit2/weapons/gun_offset_pitch_ratio	0x1461020e8	0x1c78	movss		rw
sim/cockpit2/weapons/gun_sight_heading_deg	0x1461020e0	0x433b4	movss		ro
sim/cockpit2/weapons/gun_sight_pitch_deg	0x1461020e0	0x433b8	movss		ro
sim/cockpit2/weapons/gun_sight_range	0x1461020e0	0x433b0	movss		rw
sim/cockpit2/weapons/master_arm	0x1461020e0	0x659c	movl		rw
sim/cockpit2/weapons/weapon_selected	0x1461020e0	0xb940	movl		rw
sim/flightmodel/controls/ail_trim	F	0x1cc	movss		rw
sim/flightmodel/controls/canopy_ratio	F	0x6524	movss		rw
sim/flightmodel/controls/dihed_rat	F	0x158	movss		rw
sim/flightmodel/controls/dihed_rqst	F	0x154	movss		rw
sim/flightmodel/controls/dist	F	0x6638	movss		rw
sim/flightmodel/controls/elv_trim	F	0x1d0	movss		rw
sim/flightmodel/controls/flap2rat	F	0x1ac	movss		rw
sim/flightmodel/controls/flaprat	F	0x1a8	movss		rw
sim/flightmodel/controls/flaprqst	F	0x180	movss		rw
sim/flightmodel/controls/incid_rqst	F	0x15c	movss		rw
sim/flightmodel/controls/l_brake_add	F	0x240	movss		rw
sim/flightmodel/controls/parkbrake	F	0x220	movss		rw
sim/flightmodel/controls/r_brake_add	F	0x244	movss		rw
sim/flightmodel/controls/rud_trim	F	0x1d4	movss		rw
sim/flightmodel/controls/sbrkrat	F	0x148	movss		rw
sim/flightmodel/controls/sbrkrqst	F	0x140	movss		rw
sim/flightmodel/controls/slatrat	F	0x1a0	movss		rw
sim/flightmodel/controls/swdi	F	0x150	movss		rw
sim/flightmodel/controls/swdirqst	F	0x14c	movss		rw
sim/flightmodel/controls/tail_lock_rat	F	0x210	movss		rw
sim/flightmodel/controls/tailhook_ratio	F	0x6528	movss		rw
sim/flightmodel/controls/vect_rat	F	0x170	movss		rw
sim/flightmodel/controls/vectrqst	F	0x16c	movss		rw
sim/flightmodel/engine/apr_mode	F	0x590	movl		rw
sim/flightmodel/failures/aoa_ice	F	0xb780	movss		rw
sim/flightmodel/failures/aoa_ice2	F	0xb784	movss		rw
sim/flightmodel/failures/aoa_ice3	F	0xb788	movss		rw
sim/flightmodel/failures/frm_ice	F	0xb798	movss		rw
sim/flightmodel/failures/frm_ice2	F	0xb79c	movss		rw
sim/flightmodel/failures/ice_delta	F	0xb750	movss		ro
sim/flightmodel/failures/inlet_ice	F	0xb7a8	movss		rw
sim/flightmodel/failures/lo_rotor_warning	0x1461020e0	0x6f40	movl		rw
sim/flightmodel/failures/onground_all	F	0x250	movl		rw
sim/flightmodel/failures/onground_any	F	0x24c	movl		rw
sim/flightmodel/failures/over_g	F	0x44	movl		rw
sim/flightmodel/failures/over_vfe	F	0x4c	movl		rw
sim/flightmodel/failures/over_vle	F	0x50	movl		rw
sim/flightmodel/failures/over_vne	F	0x48	movl		rw
sim/flightmodel/failures/pitot_ice	F	0xb768	movss		rw
sim/flightmodel/failures/pitot_ice_stby	F	0xb770	movss		rw
sim/flightmodel/failures/pitot_ice2	F	0xb76c	movss		rw
sim/flightmodel/failures/prop_ice	F	0xb7e8	movss		rw
sim/flightmodel/failures/smoking	0x1461020e0	0x54	movl		rw
sim/flightmodel/failures/stat_ice	F	0xb774	movss		rw
sim/flightmodel/failures/stat_ice_stby	F	0xb77c	movss		rw
sim/flightmodel/failures/stat_ice2	F	0xb778	movss		rw
sim/flightmodel/failures/tail_ice	F	0xb7a0	movss		rw
sim/flightmodel/failures/tail_ice2	F	0xb7a4	movss		rw
sim/flightmodel/failures/tat_ice	F	0xb78c	movss		rw
sim/flightmodel/failures/tat_ice2	F	0xb790	movss		rw
sim/flightmodel/failures/tat_ice3	F	0xb794	movss		rw
sim/flightmodel/failures/window_ice	F	0xb758	movss		rw
sim/flightmodel/failures/window_ice_unheated	F	0xb74c	movss		rw
sim/flightmodel/forces/drag_path_axis	F	0x2a4	movss		rw
sim/flightmodel/forces/faxil_aero	F	0x2c0	movss		rw
sim/flightmodel/forces/faxil_gear	F	0x2c4	movss		rw
sim/flightmodel/forces/faxil_plug_acf	F	0x2c8	movss		rw
sim/flightmodel/forces/faxil_prop	F	0x2bc	movss		rw
sim/flightmodel/forces/faxil_total	F	0x2cc	movss		rw
sim/flightmodel/forces/fnrml_aero	F	0x2d4	movss		rw
sim/flightmodel/forces/fnrml_gear	F	0x2d8	movss		rw
sim/flightmodel/forces/fnrml_plug_acf	F	0x2dc	movss		rw
sim/flightmodel/forces/fnrml_prop	F	0x2d0	movss		rw
sim/flightmodel/forces/fnrml_total	F	0x2e0	movss		rw
sim/flightmodel/forces/fside_aero	F	0x2e8	movss		rw
sim/flightmodel/forces/fside_gear	F	0x2ec	movss		rw
sim/flightmodel/forces/fside_plug_acf	F	0x2f0	movss		rw
sim/flightmodel/forces/fside_prop	F	0x2e4	movss		rw
sim/flightmodel/forces/fside_total	F	0x2f4	movss		rw
sim/flightmodel/forces/g_axil	F	0x34c	movss		ro
sim/flightmodel/forces/g_nrml	F	0x344	movss		ro
sim/flightmodel/forces/g_side	F	0x354	movss		ro
sim/flightmodel/forces/L_aero	F	0x2fc	movss		rw
sim/flightmodel/forces/L_gear	F	0x300	movss		rw
sim/flightmodel/forces/L_mass	F	0x304	movss		ro
sim/flightmodel/forces/L_plug_acf	F	0x308	movss		rw
sim/flightmodel/forces/L_prop	F	0x2f8	movss		rw
sim/flightmodel/forces/L_total	F	0x30c	movss		rw
sim/flightmodel/forces/lift_path_axis	F	0x298	movss		rw
sim/flightmodel/forces/M_aero	F	0x314	movss		rw
sim/flightmodel/forces/M_gear	F	0x318	movss		rw
sim/flightmodel/forces/M_mass	F	0x31c	movss		ro
sim/flightmodel/forces/M_plug_acf	F	0x320	movss		rw
sim/flightmodel/forces/M_prop	F	0x310	movss		rw
sim/flightmodel/forces/M_total	F	0x324	movss		rw
sim/flightmodel/forces/N_aero	F	0x32c	movss		rw
sim/flightmodel/forces/N_gear	F	0x330	movss		rw
sim/flightmodel/forces/N_mass	F	0x334	movss		ro
sim/flightmodel/forces/N_plug_acf	F	0x338	movss		rw
sim/flightmodel/forces/N_prop	F	0x328	movss		rw
sim/flightmodel/forces/N_total	F	0x33c	movss		rw
sim/flightmodel/forces/side_path_axis	F	0x2b0	movss		rw
sim/flightmodel/forces/vx_acf_axis	F	0x2a0	movss		ro
sim/flightmodel/forces/vx_air_on_acf	F	0x29c	movss		ro
sim/flightmodel/forces/vy_acf_axis	F	0x2ac	movss		ro
sim/flightmodel/forces/vy_air_on_acf	F	0x2a8	movss		ro
sim/flightmodel/forces/vz_acf_axis	F	0x2b8	movss		ro
sim/flightmodel/forces/vz_air_on_acf	F	0x2b4	movss		ro
sim/flightmodel/misc/act_frc_hdng_lb	F	0x1c0	movss		rw
sim/flightmodel/misc/act_frc_lbrk_lb	F	0x1c4	movss		rw
sim/flightmodel/misc/act_frc_ptch_lb	F	0x1b8	movss		rw
sim/flightmodel/misc/act_frc_rbrk_lb	F	0x1c8	movss		rw
sim/flightmodel/misc/act_frc_roll_lb	F	0x1bc	movss		rw
sim/flightmodel/misc/blown_flap_engage_rat	F	0x64bc	movss		rw
sim/flightmodel/misc/cd_overall	F	0x65a8	movss		rw
sim/flightmodel/misc/cl_overall	F	0x65a4	movss		rw
sim/flightmodel/misc/displace_rat	F	0x6590	movss		rw
sim/flightmodel/misc/h_ind	0x1461020e0	0x6cc8	movss		rw
sim/flightmodel/misc/h_ind_copilot	0x1461020e0	0x6ccc	movss		rw
sim/flightmodel/misc/h_ind_copilot2	0x1461020e0	0x6ccc	movss		rw
sim/flightmodel/misc/h_ind2	0x1461020e0	0x6cc8	movss		rw
sim/flightmodel/misc/jato_left	F	0x6534	movss		rw
sim/flightmodel/misc/l_o_d	F	0x65ac	movss		rw
sim/flightmodel/misc/lift_fan_total_power	F	0x64b8	movss		rw
sim/flightmodel/misc/machno	F	0x420	movss		ro
sim/flightmodel/misc/prop_ospeed_test_timeout	F	0x5a0	movss		rw
sim/flightmodel/misc/Qstatic	F	0x424	movss		ro
sim/flightmodel/misc/rocket_mode	F	0x6518	movl		rw
sim/flightmodel/misc/rocket_timeout	F	0x6538	movss		rw
sim/flightmodel/misc/sling_hook_force	F	0x294	movss		ro
sim/flightmodel/misc/slip	0x1461020e0	0x6dc0	movss		rw
sim/flightmodel/misc/turnrate_noroll	0x1461020e0	0x6d28	movss		rw
sim/flightmodel/misc/turnrate_noroll2	0x1461020e0	0x6d2c	movss		rw
sim/flightmodel/misc/turnrate_roll	0x1461020e0	0x6d20	movss		rw
sim/flightmodel/misc/turnrate_roll2	0x1461020e0	0x6d24	movss		rw
sim/flightmodel/position/alpha	F	0x404	movss		ro
sim/flightmodel/position/beta	F	0x408	movss		ro
sim/flightmodel/position/equivalent_airspeed	F	0x41c	movss		rw
sim/flightmodel/position/hpath	F	0x410	movss		ro
sim/flightmodel/position/indicated_airspeed	0x1461020e0	0x6c98	movss		rw
sim/flightmodel/position/indicated_airspeed2	0x1461020e0	0x6c9c	movss		rw
sim/flightmodel/position/L	F	0x30c	movss		ro
sim/flightmodel/position/local_ax	F	0x35c	movss		rw
sim/flightmodel/position/local_ay	F	0x360	movss		rw
sim/flightmodel/position/local_az	F	0x364	movss		rw
sim/flightmodel/position/local_vx	F	0x368	movss		rw
sim/flightmodel/position/local_vy	F	0x36c	movss		rw
sim/flightmodel/position/local_vz	F	0x370	movss		rw
sim/flightmodel/position/M	F	0x324	movss		ro
sim/flightmodel/position/mag_psi	F	0x42c	movss		ro
sim/flightmodel/position/magnetic_variation	F	0x428	movss		ro
sim/flightmodel/position/N	F	0x33c	movss		ro
sim/flightmodel/position/P	F	0x3cc	movss	*57.2957763671875	rw
sim/flightmodel/position/P_dot	F	0x3c0	movss	*57.2957763671875	ro
sim/flightmodel/position/phi	F	0x3d8	movss		rw
sim/flightmodel/position/phi_dot	F	0x458	movss	*57.2957763671875	rw
sim/flightmodel/position/Prad	F	0x3cc	movss		rw
sim/flightmodel/position/psi	F	0x3e0	movss		rw
sim/flightmodel/position/psi_dot	F	0x448	movss	*57.2957763671875	rw
sim/flightmodel/position/Q	F	0x3d0	movss	*57.2957763671875	rw
sim/flightmodel/position/Q_dot	F	0x3c4	movss	*57.2957763671875	ro
sim/flightmodel/position/Qrad	F	0x3d0	movss		rw
sim/flightmodel/position/R	F	0x3d4	movss	*57.2957763671875	rw
sim/flightmodel/position/R_dot	F	0x3c8	movss	*57.2957763671875	ro
sim/flightmodel/position/Rrad	F	0x3d4	movss		rw
sim/flightmodel/position/theta	F	0x3dc	movss		rw
sim/flightmodel/position/theta_dot	F	0x438	movss	*57.2957763671875	rw
sim/flightmodel/position/true_airspeed	F	0x400	movss		rw
sim/flightmodel/position/true_phi	F	0x348	movss		ro
sim/flightmodel/position/true_theta	F	0x350	movss		ro
sim/flightmodel/position/vh_ind	0x1461020e0	0x6cd8	movss	*0.005080000031739473	ro
sim/flightmodel/position/vh_ind_fpm	0x1461020e0	0x6cd8	movss		rw
sim/flightmodel/position/vh_ind_fpm2	0x1461020e0	0x6cdc	movss		rw
sim/flightmodel/position/vpath	F	0x414	movss		ro
sim/flightmodel/transmissions/xmsn_press	F	0x64ac	movss		ro
sim/flightmodel/transmissions/xmsn_temp	F	0x64b0	movss		ro
sim/flightmodel/weight/m_fuel1	F	0xbbb4	movss		rw
sim/flightmodel/weight/m_fuel2	F	0xbbb8	movss		rw
sim/flightmodel/weight/m_fuel3	F	0xbbbc	movss		rw
sim/flightmodel/weight/m_jettison	F	0x28c	movss		rw
sim/flightmodel/weight/m_jettison_kg_sec	F	0x290	movss		ro
sim/flightmodel/weight/m_shift	F	0x284	movss		rw
sim/flightmodel/weight/m_total	F	0x288	movss		ro
sim/flightmodel2/controls/aileron_trim	0x1461020e0	0x1cc	movss		rw
sim/flightmodel2/controls/airbus_law	0x1461020e0	0xb0	movl		ro
sim/flightmodel2/controls/airbus_speed_warn_thro_0	0x1461020e0	0xd8	movl		ro
sim/flightmodel2/controls/airbus_speed_warn_thro_1	0x1461020e0	0xd4	movl		ro
sim/flightmodel2/controls/dihedral_ratio	0x1461020e0	0x158	movss		rw
sim/flightmodel2/controls/elevator_trim	0x1461020e0	0x1d0	movss		rw
sim/flightmodel2/controls/flap1_deploy_ratio	0x1461020e0	0x1a8	movss		rw
sim/flightmodel2/controls/flap2_deploy_ratio	0x1461020e0	0x1ac	movss		rw
sim/flightmodel2/controls/heading_ratio	0x1461020e0	0x120	movss		rw
sim/flightmodel2/controls/pitch_ratio	0x1461020e0	0x118	movss		rw
sim/flightmodel2/controls/pitch_ratio_right	0x1461020e0	0x124	movss		rw
sim/flightmodel2/controls/roll_ratio	0x1461020e0	0x11c	movss		rw
sim/flightmodel2/controls/roll_ratio_right	0x1461020e0	0x128	movss		rw
sim/flightmodel2/controls/rudder_trim	0x1461020e0	0x1d4	movss		rw
sim/flightmodel2/controls/slat1_deploy_ratio	0x1461020e0	0x1a0	movss		rw
sim/flightmodel2/controls/slat2_deploy_ratio	0x1461020e0	0x1a4	movss		rw
sim/flightmodel2/controls/speedbrake_ratio	0x1461020e0	0x148	movss		rw
sim/flightmodel2/controls/stabilizer_deflection_degrees	0x1461020e0	0x1b4	movss		rw
sim/flightmodel2/controls/tailhook_handle	0x1461020e0	0x6544	movss		rw
sim/flightmodel2/controls/thrust_vector_ratio	0x1461020e0	0x170	movss		rw
sim/flightmodel2/controls/water_rudder_def_deg	0x1461020e0	0x64cc	movss		ro
sim/flightmodel2/controls/water_rudder_deploy_ratio	0x1461020e0	0x64c8	movss		ro
sim/flightmodel2/controls/wing_retraction_ratio	0x1461020e0	0x168	movss		rw
sim/flightmodel2/controls/wingsweep_ratio	0x1461020e0	0x150	movss		rw
sim/flightmodel2/lights/override_beacons_and_strobes	0x1461020e0	0x824	movl		rw
sim/flightmodel2/lights/strobe_flash_now	0x1461020e0	0x828	movl		rw
sim/flightmodel2/misc/AoA_angle_degrees	0x1461020e0	0x404	movss		ro
sim/flightmodel2/misc/auto_board_in_progress	0x1461020e0	0xbe5c	movl		rw
sim/flightmodel2/misc/auto_start_in_progress	0x1461020e0	0xbe60	movl		rw
sim/flightmodel2/misc/canopy_open_ratio	0x1461020e0	0x6524	movss		ro
sim/flightmodel2/misc/gforce_axil	0x1461020e0	0x34c	movss		ro
sim/flightmodel2/misc/gforce_normal	0x1461020e0	0x344	movss		ro
sim/flightmodel2/misc/gforce_side	0x1461020e0	0x354	movss		ro
sim/flightmodel2/misc/plugin_particle_light_leak	F	0x430d0	movss		rw
sim/flightmodel2/misc/pressure_outflow_ratio	0x1461020e0	0xbd88	movss		ro
sim/flightmodel2/misc/tailhook_angle_degrees	0x1461020e0	0x6548	movss		ro
sim/flightmodel2/misc/tailhook_deploy_ratio	0x1461020e0	0x6528	movss		ro
sim/flightmodel2/misc/water_drop_deploy_ratio	0x1461020e0	0x64e0	movss		ro
sim/flightmodel2/misc/water_scoop_deploy_ratio	0x1461020e0	0x64dc	movss		ro
sim/flightmodel2/misc/yaw_string_angle	0x1461020e0	0x408	movss		ro
sim/flightmodel2/position/alpha	0x1461020e0	0x404	movss		ro
sim/flightmodel2/position/beta	0x1461020e0	0x408	movss		ro
sim/flightmodel2/position/ecef_x	0x1461020e0	0x3a8	movsd		ro
sim/flightmodel2/position/ecef_y	0x1461020e0	0x3b0	movsd		ro
sim/flightmodel2/position/ecef_z	0x1461020e0	0x3b8	movsd		ro
sim/flightmodel2/position/hpath	0x1461020e0	0x410	movss		rw
sim/flightmodel2/position/mag_psi	0x1461020e0	0x42c	movss		ro
sim/flightmodel2/position/true_airspeed	0x1461020e0	0x400	movss		ro
sim/flightmodel2/position/true_phi	0x1461020e0	0x348	movss		ro
sim/flightmodel2/position/true_theta	0x1461020e0	0x350	movss		ro
sim/flightmodel2/position/vpath	0x1461020e0	0x414	movss		ro
sim/graphics/view/visibility_effective_m	0x1461020e0	0xbfc8	movss	*1609.343994140625	ro
sim/graphics/view/visibility_terrain_m	0x1461020e0	0xbfc8	movss	*1609.343994140625	ro
sim/joystick/artstab_heading_ratio	F	0x114	movss		rw
sim/joystick/artstab_pitch_ratio	F	0x10c	movss		rw
sim/joystick/artstab_roll_ratio	F	0x110	movss		rw
sim/joystick/FC_hdng	F	0x120	movss		rw
sim/joystick/FC_ptch	F	0x118	movss		rw
sim/joystick/FC_ptch_rgt	F	0x124	movss		rw
sim/joystick/FC_roll	F	0x11c	movss		rw
sim/joystick/FC_roll_rgt	F	0x128	movss		rw
sim/joystick/fire_key_is_down	F	0xb9e4	movl		rw
sim/joystick/priority_side	F	0x13c	movl		rw
sim/joystick/servo_heading_ratio	F	0x108	movss		rw
sim/joystick/servo_pitch_ratio	F	0x100	movss		rw
sim/joystick/servo_roll_ratio	F	0x104	movss		rw
sim/joystick/yoke_heading_ratio	F	0xf0	movss		rw
sim/joystick/yoke_heading_ratio_copilot	F	0xfc	movss		rw
sim/joystick/yoke_pitch_ratio	F	0xe8	movss		rw
sim/joystick/yoke_pitch_ratio_copilot	F	0xf4	movss		rw
sim/joystick/yoke_roll_ratio	F	0xec	movss		rw
sim/joystick/yoke_roll_ratio_copilot	F	0xf8	movss		rw
sim/multiplayer/position/plane1_beacon_lights_on	F	0x860	movl		rw
sim/multiplayer/position/plane1_flap_ratio	F	0x1a8	movss		rw
sim/multiplayer/position/plane1_flap_ratio2	F	0x1ac	movss		rw
sim/multiplayer/position/plane1_nav_lights_on	F	0x858	movl		rw
sim/multiplayer/position/plane1_phi	F	0x3d8	movss		rw
sim/multiplayer/position/plane1_psi	F	0x3e0	movss		rw
sim/multiplayer/position/plane1_slat_ratio	F	0x1a0	movss		rw
sim/multiplayer/position/plane1_speedbrake_ratio	F	0x148	movss		rw
sim/multiplayer/position/plane1_strobe_lights_on	F	0x868	movl		rw
sim/multiplayer/position/plane1_taxi_light_on	F	0x870	movl		rw
sim/multiplayer/position/plane1_the	F	0x3dc	movss		rw
sim/multiplayer/position/plane1_v_x	F	0x368	movss		rw
sim/multiplayer/position/plane1_v_y	F	0x36c	movss		rw
sim/multiplayer/position/plane1_v_z	F	0x370	movss		rw
sim/multiplayer/position/plane1_wing_sweep	F	0x150	movss		rw
sim/multiplayer/position/plane10_beacon_lights_on	F	0x860	movl		rw
sim/multiplayer/position/plane10_flap_ratio	F	0x1a8	movss		rw
sim/multiplayer/position/plane10_flap_ratio2	F	0x1ac	movss		rw
sim/multiplayer/position/plane10_nav_lights_on	F	0x858	movl		rw
sim/multiplayer/position/plane10_phi	F	0x3d8	movss		rw
sim/multiplayer/position/plane10_psi	F	0x3e0	movss		rw
sim/multiplayer/position/plane10_sla1_ratio	F	0x1a0	movss		rw
sim/multiplayer/position/plane10_speedbrake_ratio	F	0x148	movss		rw
sim/multiplayer/position/plane10_strobe_lights_on	F	0x868	movl		rw
sim/multiplayer/position/plane10_taxi_light_on	F	0x870	movl		rw
sim/multiplayer/position/plane10_the	F	0x3dc	movss		rw
sim/multiplayer/position/plane10_v_x	F	0x368	movss		rw
sim/multiplayer/position/plane10_v_y	F	0x36c	movss		rw
sim/multiplayer/position/plane10_v_z	F	0x370	movss		rw
sim/multiplayer/position/plane10_wing_sweep	F	0x150	movss		rw
sim/multiplayer/position/plane11_beacon_lights_on	F	0x860	movl		rw
sim/multiplayer/position/plane11_flap_ratio	F	0x1a8	movss		rw
sim/multiplayer/position/plane11_flap_ratio2	F	0x1ac	movss		rw
sim/multiplayer/position/plane11_nav_lights_on	F	0x858	movl		rw
sim/multiplayer/position/plane11_phi	F	0x3d8	movss		rw
sim/multiplayer/position/plane11_psi	F	0x3e0	movss		rw
sim/multiplayer/position/plane11_sla1_ratio	F	0x1a0	movss		rw
sim/multiplayer/position/plane11_speedbrake_ratio	F	0x148	movss		rw
sim/multiplayer/position/plane11_strobe_lights_on	F	0x868	movl		rw
sim/multiplayer/position/plane11_taxi_light_on	F	0x870	movl		rw
sim/multiplayer/position/plane11_the	F	0x3dc	movss		rw
sim/multiplayer/position/plane11_v_x	F	0x368	movss		rw
sim/multiplayer/position/plane11_v_y	F	0x36c	movss		rw
sim/multiplayer/position/plane11_v_z	F	0x370	movss		rw
sim/multiplayer/position/plane11_wing_sweep	F	0x150	movss		rw
sim/multiplayer/position/plane12_beacon_lights_on	F	0x860	movl		rw
sim/multiplayer/position/plane12_flap_ratio	F	0x1a8	movss		rw
sim/multiplayer/position/plane12_flap_ratio2	F	0x1ac	movss		rw
sim/multiplayer/position/plane12_nav_lights_on	F	0x858	movl		rw
sim/multiplayer/position/plane12_phi	F	0x3d8	movss		rw
sim/multiplayer/position/plane12_psi	F	0x3e0	movss		rw
sim/multiplayer/position/plane12_sla1_ratio	F	0x1a0	movss		rw
sim/multiplayer/position/plane12_speedbrake_ratio	F	0x148	movss		rw
sim/multiplayer/position/plane12_strobe_lights_on	F	0x868	movl		rw
sim/multiplayer/position/plane12_taxi_light_on	F	0x870	movl		rw
sim/multiplayer/position/plane12_the	F	0x3dc	movss		rw
sim/multiplayer/position/plane12_v_x	F	0x368	movss		rw
sim/multiplayer/position/plane12_v_y	F	0x36c	movss		rw
sim/multiplayer/position/plane12_v_z	F	0x370	movss		rw
sim/multiplayer/position/plane12_wing_sweep	F	0x150	movss		rw
sim/multiplayer/position/plane13_beacon_lights_on	F	0x860	movl		rw
sim/multiplayer/position/plane13_flap_ratio	F	0x1a8	movss		rw
sim/multiplayer/position/plane13_flap_ratio2	F	0x1ac	movss		rw
sim/multiplayer/position/plane13_nav_lights_on	F	0x858	movl		rw
sim/multiplayer/position/plane13_phi	F	0x3d8	movss		rw
sim/multiplayer/position/plane13_psi	F	0x3e0	movss		rw
sim/multiplayer/position/plane13_sla1_ratio	F	0x1a0	movss		rw
sim/multiplayer/position/plane13_speedbrake_ratio	F	0x148	movss		rw
sim/multiplayer/position/plane13_strobe_lights_on	F	0x868	movl		rw
sim/multiplayer/position/plane13_taxi_light_on	F	0x870	movl		rw
sim/multiplayer/position/plane13_the	F	0x3dc	movss		rw
sim/multiplayer/position/plane13_v_x	F	0x368	movss		rw
sim/multiplayer/position/plane13_v_y	F	0x36c	movss		rw
sim/multiplayer/position/plane13_v_z	F	0x370	movss		rw
sim/multiplayer/position/plane13_wing_sweep	F	0x150	movss		rw
sim/multiplayer/position/plane14_beacon_lights_on	F	0x860	movl		rw
sim/multiplayer/position/plane14_flap_ratio	F	0x1a8	movss		rw
sim/multiplayer/position/plane14_flap_ratio2	F	0x1ac	movss		rw
sim/multiplayer/position/plane14_nav_lights_on	F	0x858	movl		rw
sim/multiplayer/position/plane14_phi	F	0x3d8	movss		rw
sim/multiplayer/position/plane14_psi	F	0x3e0	movss		rw
sim/multiplayer/position/plane14_sla1_ratio	F	0x1a0	movss		rw
sim/multiplayer/position/plane14_speedbrake_ratio	F	0x148	movss		rw
sim/multiplayer/position/plane14_strobe_lights_on	F	0x868	movl		rw
sim/multiplayer/position/plane14_taxi_light_on	F	0x870	movl		rw
sim/multiplayer/position/plane14_the	F	0x3dc	movss		rw
sim/multiplayer/position/plane14_v_x	F	0x368	movss		rw
sim/multiplayer/position/plane14_v_y	F	0x36c	movss		rw
sim/multiplayer/position/plane14_v_z	F	0x370	movss		rw
sim/multiplayer/position/plane14_wing_sweep	F	0x150	movss		rw
sim/multiplayer/position/plane15_beacon_lights_on	F	0x860	movl		rw
sim/multiplayer/position/plane15_flap_ratio	F	0x1a8	movss		rw
sim/multiplayer/position/plane15_flap_ratio2	F	0x1ac	movss		rw
sim/multiplayer/position/plane15_nav_lights_on	F	0x858	movl		rw
sim/multiplayer/position/plane15_phi	F	0x3d8	movss		rw
sim/multiplayer/position/plane15_psi	F	0x3e0	movss		rw
sim/multiplayer/position/plane15_sla1_ratio	F	0x1a0	movss		rw
sim/multiplayer/position/plane15_speedbrake_ratio	F	0x148	movss		rw
sim/multiplayer/position/plane15_strobe_lights_on	F	0x868	movl		rw
sim/multiplayer/position/plane15_taxi_light_on	F	0x870	movl		rw
sim/multiplayer/position/plane15_the	F	0x3dc	movss		rw
sim/multiplayer/position/plane15_v_x	F	0x368	movss		rw
sim/multiplayer/position/plane15_v_y	F	0x36c	movss		rw
sim/multiplayer/position/plane15_v_z	F	0x370	movss		rw
sim/multiplayer/position/plane15_wing_sweep	F	0x150	movss		rw
sim/multiplayer/position/plane16_beacon_lights_on	F	0x860	movl		rw
sim/multiplayer/position/plane16_flap_ratio	F	0x1a8	movss		rw
sim/multiplayer/position/plane16_flap_ratio2	F	0x1ac	movss		rw
sim/multiplayer/position/plane16_nav_lights_on	F	0x858	movl		rw
sim/multiplayer/position/plane16_phi	F	0x3d8	movss		rw
sim/multiplayer/position/plane16_psi	F	0x3e0	movss		rw
sim/multiplayer/position/plane16_sla1_ratio	F	0x1a0	movss		rw
sim/multiplayer/position/plane16_speedbrake_ratio	F	0x148	movss		rw
sim/multiplayer/position/plane16_strobe_lights_on	F	0x868	movl		rw
sim/multiplayer/position/plane16_taxi_light_on	F	0x870	movl		rw
sim/multiplayer/position/plane16_the	F	0x3dc	movss		rw
sim/multiplayer/position/plane16_v_x	F	0x368	movss		rw
sim/multiplayer/position/plane16_v_y	F	0x36c	movss		rw
sim/multiplayer/position/plane16_v_z	F	0x370	movss		rw
sim/multiplayer/position/plane16_wing_sweep	F	0x150	movss		rw
sim/multiplayer/position/plane17_beacon_lights_on	F	0x860	movl		rw
sim/multiplayer/position/plane17_flap_ratio	F	0x1a8	movss		rw
sim/multiplayer/position/plane17_flap_ratio2	F	0x1ac	movss		rw
sim/multiplayer/position/plane17_nav_lights_on	F	0x858	movl		rw
sim/multiplayer/position/plane17_phi	F	0x3d8	movss		rw
sim/multiplayer/position/plane17_psi	F	0x3e0	movss		rw
sim/multiplayer/position/plane17_sla1_ratio	F	0x1a0	movss		rw
sim/multiplayer/position/plane17_speedbrake_ratio	F	0x148	movss		rw
sim/multiplayer/position/plane17_strobe_lights_on	F	0x868	movl		rw
sim/multiplayer/position/plane17_taxi_light_on	F	0x870	movl		rw
sim/multiplayer/position/plane17_the	F	0x3dc	movss		rw
sim/multiplayer/position/plane17_v_x	F	0x368	movss		rw
sim/multiplayer/position/plane17_v_y	F	0x36c	movss		rw
sim/multiplayer/position/plane17_v_z	F	0x370	movss		rw
sim/multiplayer/position/plane17_wing_sweep	F	0x150	movss		rw
sim/multiplayer/position/plane18_beacon_lights_on	F	0x860	movl		rw
sim/multiplayer/position/plane18_flap_ratio	F	0x1a8	movss		rw
sim/multiplayer/position/plane18_flap_ratio2	F	0x1ac	movss		rw
sim/multiplayer/position/plane18_nav_lights_on	F	0x858	movl		rw
sim/multiplayer/position/plane18_phi	F	0x3d8	movss		rw
sim/multiplayer/position/plane18_psi	F	0x3e0	movss		rw
sim/multiplayer/position/plane18_sla1_ratio	F	0x1a0	movss		rw
sim/multiplayer/position/plane18_speedbrake_ratio	F	0x148	movss		rw
sim/multiplayer/position/plane18_strobe_lights_on	F	0x868	movl		rw
sim/multiplayer/position/plane18_taxi_light_on	F	0x870	movl		rw
sim/multiplayer/position/plane18_the	F	0x3dc	movss		rw
sim/multiplayer/position/plane18_v_x	F	0x368	movss		rw
sim/multiplayer/position/plane18_v_y	F	0x36c	movss		rw
sim/multiplayer/position/plane18_v_z	F	0x370	movss		rw
sim/multiplayer/position/plane18_wing_sweep	F	0x150	movss		rw
sim/multiplayer/position/plane19_beacon_lights_on	F	0x860	movl		rw
sim/multiplayer/position/plane19_flap_ratio	F	0x1a8	movss		rw
sim/multiplayer/position/plane19_flap_ratio2	F	0x1ac	movss		rw
sim/multiplayer/position/plane19_nav_lights_on	F	0x858	movl		rw
sim/multiplayer/position/plane19_phi	F	0x3d8	movss		rw
sim/multiplayer/position/plane19_psi	F	0x3e0	movss		rw
sim/multiplayer/position/plane19_sla1_ratio	F	0x1a0	movss		rw
sim/multiplayer/position/plane19_speedbrake_ratio	F	0x148	movss		rw
sim/multiplayer/position/plane19_strobe_lights_on	F	0x868	movl		rw
sim/multiplayer/position/plane19_taxi_light_on	F	0x870	movl		rw
sim/multiplayer/position/plane19_the	F	0x3dc	movss		rw
sim/multiplayer/position/plane19_v_x	F	0x368	movss		rw
sim/multiplayer/position/plane19_v_y	F	0x36c	movss		rw
sim/multiplayer/position/plane19_v_z	F	0x370	movss		rw
sim/multiplayer/position/plane19_wing_sweep	F	0x150	movss		rw
sim/multiplayer/position/plane2_beacon_lights_on	F	0x860	movl		rw
sim/multiplayer/position/plane2_flap_ratio	F	0x1a8	movss		rw
sim/multiplayer/position/plane2_flap_ratio2	F	0x1ac	movss		rw
sim/multiplayer/position/plane2_nav_lights_on	F	0x858	movl		rw
sim/multiplayer/position/plane2_phi	F	0x3d8	movss		rw
sim/multiplayer/position/plane2_psi	F	0x3e0	movss		rw
sim/multiplayer/position/plane2_sla1_ratio	F	0x1a0	movss		rw
sim/multiplayer/position/plane2_speedbrake_ratio	F	0x148	movss		rw
sim/multiplayer/position/plane2_strobe_lights_on	F	0x868	movl		rw
sim/multiplayer/position/plane2_taxi_light_on	F	0x870	movl		rw
sim/multiplayer/position/plane2_the	F	0x3dc	movss		rw
sim/multiplayer/position/plane2_v_x	F	0x368	movss		rw
sim/multiplayer/position/plane2_v_y	F	0x36c	movss		rw
sim/multiplayer/position/plane2_v_z	F	0x370	movss		rw
sim/multiplayer/position/plane2_wing_sweep	F	0x150	movss		rw
sim/multiplayer/position/plane3_beacon_lights_on	F	0x860	movl		rw
sim/multiplayer/position/plane3_flap_ratio	F	0x1a8	movss		rw
sim/multiplayer/position/plane3_flap_ratio2	F	0x1ac	movss		rw
sim/multiplayer/position/plane3_nav_lights_on	F	0x858	movl		rw
sim/multiplayer/position/plane3_phi	F	0x3d8	movss		rw
sim/multiplayer/position/plane3_psi	F	0x3e0	movss		rw
sim/multiplayer/position/plane3_sla1_ratio	F	0x1a0	movss		rw
sim/multiplayer/position/plane3_speedbrake_ratio	F	0x148	movss		rw
sim/multiplayer/position/plane3_strobe_lights_on	F	0x868	movl		rw
sim/multiplayer/position/plane3_taxi_light_on	F	0x870	movl		rw
sim/multiplayer/position/plane3_the	F	0x3dc	movss		rw
sim/multiplayer/position/plane3_v_x	F	0x368	movss		rw
sim/multiplayer/position/plane3_v_y	F	0x36c	movss		rw
sim/multiplayer/position/plane3_v_z	F	0x370	movss		rw
sim/multiplayer/position/plane3_wing_sweep	F	0x150	movss		rw
sim/multiplayer/position/plane4_beacon_lights_on	F	0x860	movl		rw
sim/multiplayer/position/plane4_flap_ratio	F	0x1a8	movss		rw
sim/multiplayer/position/plane4_flap_ratio2	F	0x1ac	movss		rw
sim/multiplayer/position/plane4_nav_lights_on	F	0x858	movl		rw
sim/multiplayer/position/plane4_phi	F	0x3d8	movss		rw
sim/multiplayer/position/plane4_psi	F	0x3e0	movss		rw
sim/multiplayer/position/plane4_sla1_ratio	F	0x1a0	movss		rw
sim/multiplayer/position/plane4_speedbrake_ratio	F	0x148	movss		rw
sim/multiplayer/position/plane4_strobe_lights_on	F	0x868	movl		rw
sim/multiplayer/position/plane4_taxi_light_on	F	0x870	movl		rw
sim/multiplayer/position/plane4_the	F	0x3dc	movss		rw
sim/multiplayer/position/plane4_v_x	F	0x368	movss		rw
sim/multiplayer/position/plane4_v_y	F	0x36c	movss		rw
sim/multiplayer/position/plane4_v_z	F	0x370	movss		rw
sim/multiplayer/position/plane4_wing_sweep	F	0x150	movss		rw
sim/multiplayer/position/plane5_beacon_lights_on	F	0x860	movl		rw
sim/multiplayer/position/plane5_flap_ratio	F	0x1a8	movss		rw
sim/multiplayer/position/plane5_flap_ratio2	F	0x1ac	movss		rw
sim/multiplayer/position/plane5_nav_lights_on	F	0x858	movl		rw
sim/multiplayer/position/plane5_phi	F	0x3d8	movss		rw
sim/multiplayer/position/plane5_psi	F	0x3e0	movss		rw
sim/multiplayer/position/plane5_sla1_ratio	F	0x1a0	movss		rw
sim/multiplayer/position/plane5_speedbrake_ratio	F	0x148	movss		rw
sim/multiplayer/position/plane5_strobe_lights_on	F	0x868	movl		rw
sim/multiplayer/position/plane5_taxi_light_on	F	0x870	movl		rw
sim/multiplayer/position/plane5_the	F	0x3dc	movss		rw
sim/multiplayer/position/plane5_v_x	F	0x368	movss		rw
sim/multiplayer/position/plane5_v_y	F	0x36c	movss		rw
sim/multiplayer/position/plane5_v_z	F	0x370	movss		rw
sim/multiplayer/position/plane5_wing_sweep	F	0x150	movss		rw
sim/multiplayer/position/plane6_beacon_lights_on	F	0x860	movl		rw
sim/multiplayer/position/plane6_flap_ratio	F	0x1a8	movss		rw
sim/multiplayer/position/plane6_flap_ratio2	F	0x1ac	movss		rw
sim/multiplayer/position/plane6_nav_lights_on	F	0x858	movl		rw
sim/multiplayer/position/plane6_phi	F	0x3d8	movss		rw
sim/multiplayer/position/plane6_psi	F	0x3e0	movss		rw
sim/multiplayer/position/plane6_sla1_ratio	F	0x1a0	movss		rw
sim/multiplayer/position/plane6_speedbrake_ratio	F	0x148	movss		rw
sim/multiplayer/position/plane6_strobe_lights_on	F	0x868	movl		rw
sim/multiplayer/position/plane6_taxi_light_on	F	0x870	movl		rw
sim/multiplayer/position/plane6_the	F	0x3dc	movss		rw
sim/multiplayer/position/plane6_v_x	F	0x368	movss		rw
sim/multiplayer/position/plane6_v_y	F	0x36c	movss		rw
sim/multiplayer/position/plane6_v_z	F	0x370	movss		rw
sim/multiplayer/position/plane6_wing_sweep	F	0x150	movss		rw
sim/multiplayer/position/plane7_beacon_lights_on	F	0x860	movl		rw
sim/multiplayer/position/plane7_flap_ratio	F	0x1a8	movss		rw
sim/multiplayer/position/plane7_flap_ratio2	F	0x1ac	movss		rw
sim/multiplayer/position/plane7_nav_lights_on	F	0x858	movl		rw
sim/multiplayer/position/plane7_phi	F	0x3d8	movss		rw
sim/multiplayer/position/plane7_psi	F	0x3e0	movss		rw
sim/multiplayer/position/plane7_sla1_ratio	F	0x1a0	movss		rw
sim/multiplayer/position/plane7_speedbrake_ratio	F	0x148	movss		rw
sim/multiplayer/position/plane7_strobe_lights_on	F	0x868	movl		rw
sim/multiplayer/position/plane7_taxi_light_on	F	0x870	movl		rw
sim/multiplayer/position/plane7_the	F	0x3dc	movss		rw
sim/multiplayer/position/plane7_v_x	F	0x368	movss		rw
sim/multiplayer/position/plane7_v_y	F	0x36c	movss		rw
sim/multiplayer/position/plane7_v_z	F	0x370	movss		rw
sim/multiplayer/position/plane7_wing_sweep	F	0x150	movss		rw
sim/multiplayer/position/plane8_beacon_lights_on	F	0x860	movl		rw
sim/multiplayer/position/plane8_flap_ratio	F	0x1a8	movss		rw
sim/multiplayer/position/plane8_flap_ratio2	F	0x1ac	movss		rw
sim/multiplayer/position/plane8_nav_lights_on	F	0x858	movl		rw
sim/multiplayer/position/plane8_phi	F	0x3d8	movss		rw
sim/multiplayer/position/plane8_psi	F	0x3e0	movss		rw
sim/multiplayer/position/plane8_sla1_ratio	F	0x1a0	movss		rw
sim/multiplayer/position/plane8_speedbrake_ratio	F	0x148	movss		rw
sim/multiplayer/position/plane8_strobe_lights_on	F	0x868	movl		rw
sim/multiplayer/position/plane8_taxi_light_on	F	0x870	movl		rw
sim/multiplayer/position/plane8_the	F	0x3dc	movss		rw
sim/multiplayer/position/plane8_v_x	F	0x368	movss		rw
sim/multiplayer/position/plane8_v_y	F	0x36c	movss		rw
sim/multiplayer/position/plane8_v_z	F	0x370	movss		rw
sim/multiplayer/position/plane8_wing_sweep	F	0x150	movss		rw
sim/multiplayer/position/plane9_beacon_lights_on	F	0x860	movl		rw
sim/multiplayer/position/plane9_flap_ratio	F	0x1a8	movss		rw
sim/multiplayer/position/plane9_flap_ratio2	F	0x1ac	movss		rw
sim/multiplayer/position/plane9_nav_lights_on	F	0x858	movl		rw
sim/multiplayer/position/plane9_phi	F	0x3d8	movss		rw
sim/multiplayer/position/plane9_psi	F	0x3e0	movss		rw
sim/multiplayer/position/plane9_sla1_ratio	F	0x1a0	movss		rw
sim/multiplayer/position/plane9_speedbrake_ratio	F	0x148	movss		rw
sim/multiplayer/position/plane9_strobe_lights_on	F	0x868	movl		rw
sim/multiplayer/position/plane9_taxi_light_on	F	0x870	movl		rw
sim/multiplayer/position/plane9_the	F	0x3dc	movss		rw
sim/multiplayer/position/plane9_v_x	F	0x368	movss		rw
sim/multiplayer/position/plane9_v_y	F	0x36c	movss		rw
sim/multiplayer/position/plane9_v_z	F	0x370	movss		rw
sim/multiplayer/position/plane9_wing_sweep	F	0x150	movss		rw
sim/operation/failures/ram_air_turbine_on	F	0xbdf4	movl		rw
sim/operation/failures/rel_adc_comp	F	0x1298	movl		rw
sim/operation/failures/rel_adc_comp_2	F	0x129c	movl		rw
sim/operation/failures/rel_adf1	F	0x11e0	movl		rw
sim/operation/failures/rel_adf2	F	0x11e4	movl		rw
sim/operation/failures/rel_aftbur0	F	0x1664	movl		rw
sim/operation/failures/rel_aftbur1	F	0x1668	movl		rw
sim/operation/failures/rel_aftbur2	F	0x166c	movl		rw
sim/operation/failures/rel_aftbur3	F	0x1670	movl		rw
sim/operation/failures/rel_aftbur4	F	0x1674	movl		rw
sim/operation/failures/rel_aftbur5	F	0x1678	movl		rw
sim/operation/failures/rel_aftbur6	F	0x167c	movl		rw
sim/operation/failures/rel_aftbur7	F	0x1680	movl		rw
sim/operation/failures/rel_ail_L	F	0xf1c	movl		rw
sim/operation/failures/rel_ail_L_jam	F	0xf34	movl		rw
sim/operation/failures/rel_ail_L1	F	0xf20	movl		rw
sim/operation/failures/rel_ail_L2	F	0xf24	movl		rw
sim/operation/failures/rel_ail_R	F	0xf28	movl		rw
sim/operation/failures/rel_ail_R_jam	F	0xf38	movl		rw
sim/operation/failures/rel_ail_R1	F	0xf2c	movl		rw
sim/operation/failures/rel_ail_R2	F	0xf30	movl		rw
sim/operation/failures/rel_ail_trim_run	F	0xf6c	movl		rw
sim/operation/failures/rel_airbus_alternate	F	0xef0	movl		rw
sim/operation/failures/rel_airbus_alternate2	F	0xef4	movl		rw
sim/operation/failures/rel_airbus_direct	F	0xef8	movl		rw
sim/operation/failures/rel_airres0	F	0x1444	movl		rw
sim/operation/failures/rel_airres1	F	0x1448	movl		rw
sim/operation/failures/rel_airres2	F	0x144c	movl		rw
sim/operation/failures/rel_airres3	F	0x1450	movl		rw
sim/operation/failures/rel_airres4	F	0x1454	movl		rw
sim/operation/failures/rel_airres5	F	0x1458	movl		rw
sim/operation/failures/rel_airres6	F	0x145c	movl		rw
sim/operation/failures/rel_airres7	F	0x1460	movl		rw
sim/operation/failures/rel_AOA	F	0x11ac	movl		rw
sim/operation/failures/rel_apu	F	0x1124	movl		rw
sim/operation/failures/rel_apu_fire	F	0x1128	movl		rw
sim/operation/failures/rel_APU_press	F	0x10b4	movl		rw
sim/operation/failures/rel_auto_runaway	F	0xed8	movl		rw
sim/operation/failures/rel_auto_servos	F	0xedc	movl		rw
sim/operation/failures/rel_autoslats	F	0xf78	movl		rw
sim/operation/failures/rel_avionics_fan	F	0x19a8	movl		rw
sim/operation/failures/rel_bat0_hi	F	0xea4	movl		rw
sim/operation/failures/rel_bat0_lo	F	0xea0	movl		rw
sim/operation/failures/rel_bat1_hi	F	0xeac	movl		rw
sim/operation/failures/rel_bat1_lo	F	0xea8	movl		rw
sim/operation/failures/rel_batter0	F	0xe70	movl		rw
sim/operation/failures/rel_batter1	F	0xe74	movl		rw
sim/operation/failures/rel_batter2	F	0xe78	movl		rw
sim/operation/failures/rel_batter3	F	0xe7c	movl		rw
sim/operation/failures/rel_batter4	F	0xe80	movl		rw
sim/operation/failures/rel_batter5	F	0xe84	movl		rw
sim/operation/failures/rel_batter6	F	0xe88	movl		rw
sim/operation/failures/rel_batter7	F	0xe8c	movl		rw
sim/operation/failures/rel_bird_strike	F	0xe18	movl		rw
sim/operation/failures/rel_bird_strike_eng1	F	0xe10	movl		rw
sim/operation/failures/rel_bird_strike_eng2	F	0xe14	movl		rw
sim/operation/failures/rel_bleed_air_lft	F	0x10ac	movl		rw
sim/operation/failures/rel_bleed_air_rgt	F	0x10b0	movl		rw
sim/operation/failures/rel_brown_out	F	0xe20	movl		rw
sim/operation/failures/rel_bus0_other_bus	F	0x19b0	movl		rw
sim/operation/failures/rel_bus1_other_bus	F	0x19b4	movl		rw
sim/operation/failures/rel_bus2_other_bus	F	0x19b8	movl		rw
sim/operation/failures/rel_bus3_other_bus	F	0x19bc	movl		rw
sim/operation/failures/rel_bus4_other_bus	F	0x19c0	movl		rw
sim/operation/failures/rel_bus5_other_bus	F	0x19c4	movl		rw
sim/operation/failures/rel_cascade_prop_LA	F	0x19a0	movl		rw
sim/operation/failures/rel_cascade_prop_LF	F	0x1998	movl		rw
sim/operation/failures/rel_cascade_prop_RA	F	0x19a4	movl		rw
sim/operation/failures/rel_cascade_prop_RF	F	0x199c	movl		rw
sim/operation/failures/rel_chipde0	F	0x16e4	movl		rw
sim/operation/failures/rel_chipde1	F	0x16e8	movl		rw
sim/operation/failures/rel_chipde2	F	0x16ec	movl		rw
sim/operation/failures/rel_chipde3	F	0x16f0	movl		rw
sim/operation/failures/rel_chipde4	F	0x16f4	movl		rw
sim/operation/failures/rel_chipde5	F	0x16f8	movl		rw
sim/operation/failures/rel_chipde6	F	0x16fc	movl		rw
sim/operation/failures/rel_chipde7	F	0x1700	movl		rw
sim/operation/failures/rel_CHT_ind_0	F	0x1244	movl		rw
sim/operation/failures/rel_CHT_ind_1	F	0x1248	movl		rw
sim/operation/failures/rel_clights	F	0xec8	movl		rw
sim/operation/failures/rel_clonoz0	F	0x1504	movl		rw
sim/operation/failures/rel_clonoz1	F	0x1508	movl		rw
sim/operation/failures/rel_clonoz2	F	0x150c	movl		rw
sim/operation/failures/rel_clonoz3	F	0x1510	movl		rw
sim/operation/failures/rel_clonoz4	F	0x1514	movl		rw
sim/operation/failures/rel_clonoz5	F	0x1518	movl		rw
sim/operation/failures/rel_clonoz6	F	0x151c	movl		rw
sim/operation/failures/rel_clonoz7	F	0x1520	movl		rw
sim/operation/failures/rel_clutch	F	0x1108	movl		rw
sim/operation/failures/rel_collapse1	F	0xfb8	movl		rw
sim/operation/failures/rel_collapse10	F	0xfdc	movl		rw
sim/operation/failures/rel_collapse2	F	0xfbc	movl		rw
sim/operation/failures/rel_collapse3	F	0xfc0	movl		rw
sim/operation/failures/rel_collapse4	F	0xfc4	movl		rw
sim/operation/failures/rel_collapse5	F	0xfc8	movl		rw
sim/operation/failures/rel_collapse6	F	0xfcc	movl		rw
sim/operation/failures/rel_collapse7	F	0xfd0	movl		rw
sim/operation/failures/rel_collapse8	F	0xfd4	movl		rw
sim/operation/failures/rel_collapse9	F	0xfd8	movl		rw
sim/operation/failures/rel_com1	F	0x11d8	movl		rw
sim/operation/failures/rel_com2	F	0x11dc	movl		rw
sim/operation/failures/rel_comsta0	F	0x1484	movl		rw
sim/operation/failures/rel_comsta1	F	0x1488	movl		rw
sim/operation/failures/rel_comsta2	F	0x148c	movl		rw
sim/operation/failures/rel_comsta3	F	0x1490	movl		rw
sim/operation/failures/rel_comsta4	F	0x1494	movl		rw
sim/operation/failures/rel_comsta5	F	0x1498	movl		rw
sim/operation/failures/rel_comsta6	F	0x149c	movl		rw
sim/operation/failures/rel_comsta7	F	0x14a0	movl		rw
sim/operation/failures/rel_conlock	F	0xdc4	movl		rw
sim/operation/failures/rel_cop_ahz	F	0x1190	movl		rw
sim/operation/failures/rel_cop_alt	F	0x1194	movl		rw
sim/operation/failures/rel_cop_AOA	F	0x11b0	movl		rw
sim/operation/failures/rel_cop_asi	F	0x118c	movl		rw
sim/operation/failures/rel_cop_dgy	F	0x119c	movl		rw
sim/operation/failures/rel_cop_radalt	F	0x11bc	movl		rw
sim/operation/failures/rel_cop_tsi	F	0x1198	movl		rw
sim/operation/failures/rel_cop_vvi	F	0x11a0	movl		rw
sim/operation/failures/rel_depres_fast	F	0x10bc	movl		rw
sim/operation/failures/rel_depres_slow	F	0x10b8	movl		rw
sim/operation/failures/rel_dice_AOA_heat3	F	0x1040	movl		rw
sim/operation/failures/rel_dice_tks_pump_0	F	0x1058	movl		rw
sim/operation/failures/rel_dice_tks_pump_1	F	0x105c	movl		rw
sim/operation/failures/rel_dme	F	0x11f8	movl		rw
sim/operation/failures/rel_door_open	F	0xdc0	movl		rw
sim/operation/failures/rel_efis_1	F	0x11a4	movl		rw
sim/operation/failures/rel_efis_2	F	0x11a8	movl		rw
sim/operation/failures/rel_EGT_ind_0	F	0x1254	movl		rw
sim/operation/failures/rel_EGT_ind_1	F	0x1258	movl		rw
sim/operation/failures/rel_ele_fuepmp0	F	0x1404	movl		rw
sim/operation/failures/rel_ele_fuepmp1	F	0x1408	movl		rw
sim/operation/failures/rel_ele_fuepmp2	F	0x140c	movl		rw
sim/operation/failures/rel_ele_fuepmp3	F	0x1410	movl		rw
sim/operation/failures/rel_ele_fuepmp4	F	0x1414	movl		rw
sim/operation/failures/rel_ele_fuepmp5	F	0x1418	movl		rw
sim/operation/failures/rel_ele_fuepmp6	F	0x141c	movl		rw
sim/operation/failures/rel_ele_fuepmp7	F	0x1420	movl		rw
sim/operation/failures/rel_elec_gyr	F	0x1138	movl		rw
sim/operation/failures/rel_elec_gyr2	F	0x113c	movl		rw
sim/operation/failures/rel_elv_D	F	0xf48	movl		rw
sim/operation/failures/rel_elv_D1	F	0xf4c	movl		rw
sim/operation/failures/rel_elv_D2	F	0xf50	movl		rw
sim/operation/failures/rel_elv_L_jam	F	0xf54	movl		rw
sim/operation/failures/rel_elv_R_jam	F	0xf58	movl		rw
sim/operation/failures/rel_elv_trim_run	F	0xf70	movl		rw
sim/operation/failures/rel_elv_U	F	0xf3c	movl		rw
sim/operation/failures/rel_elv_U1	F	0xf40	movl		rw
sim/operation/failures/rel_elv_U2	F	0xf44	movl		rw
sim/operation/failures/rel_eng_lo0	F	0x1424	movl		rw
sim/operation/failures/rel_eng_lo1	F	0x1428	movl		rw
sim/operation/failures/rel_eng_lo2	F	0x142c	movl		rw
sim/operation/failures/rel_eng_lo3	F	0x1430	movl		rw
sim/operation/failures/rel_eng_lo4	F	0x1434	movl		rw
sim/operation/failures/rel_eng_lo5	F	0x1438	movl		rw
sim/operation/failures/rel_eng_lo6	F	0x143c	movl		rw
sim/operation/failures/rel_eng_lo7	F	0x1440	movl		rw
sim/operation/failures/rel_engfai0	F	0x1384	movl		rw
sim/operation/failures/rel_engfai1	F	0x1388	movl		rw
sim/operation/failures/rel_engfai2	F	0x138c	movl		rw
sim/operation/failures/rel_engfai3	F	0x1390	movl		rw
sim/operation/failures/rel_engfai4	F	0x1394	movl		rw
sim/operation/failures/rel_engfai5	F	0x1398	movl		rw
sim/operation/failures/rel_engfai6	F	0x139c	movl		rw
sim/operation/failures/rel_engfai7	F	0x13a0	movl		rw
sim/operation/failures/rel_engfir0	F	0x1344	movl		rw
sim/operation/failures/rel_engfir1	F	0x1348	movl		rw
sim/operation/failures/rel_engfir2	F	0x134c	movl		rw
sim/operation/failures/rel_engfir3	F	0x1350	movl		rw
sim/operation/failures/rel_engfir4	F	0x1354	movl		rw
sim/operation/failures/rel_engfir5	F	0x1358	movl		rw
sim/operation/failures/rel_engfir6	F	0x135c	movl		rw
sim/operation/failures/rel_engfir7	F	0x1360	movl		rw
sim/operation/failures/rel_engfla0	F	0x1364	movl		rw
sim/operation/failures/rel_engfla1	F	0x1368	movl		rw
sim/operation/failures/rel_engfla2	F	0x136c	movl		rw
sim/operation/failures/rel_engfla3	F	0x1370	movl		rw
sim/operation/failures/rel_engfla4	F	0x1374	movl		rw
sim/operation/failures/rel_engfla5	F	0x1378	movl		rw
sim/operation/failures/rel_engfla6	F	0x137c	movl		rw
sim/operation/failures/rel_engfla7	F	0x1380	movl		rw
sim/operation/failures/rel_engsep0	F	0x13a4	movl		rw
sim/operation/failures/rel_engsep1	F	0x13a8	movl		rw
sim/operation/failures/rel_engsep2	F	0x13ac	movl		rw
sim/operation/failures/rel_engsep3	F	0x13b0	movl		rw
sim/operation/failures/rel_engsep4	F	0x13b4	movl		rw
sim/operation/failures/rel_engsep5	F	0x13b8	movl		rw
sim/operation/failures/rel_engsep6	F	0x13bc	movl		rw
sim/operation/failures/rel_engsep7	F	0x13c0	movl		rw
sim/operation/failures/rel_EPRind0	F	0x123c	movl		rw
sim/operation/failures/rel_EPRind1	F	0x1240	movl		rw
sim/operation/failures/rel_esys	F	0xe30	movl		rw
sim/operation/failures/rel_esys2	F	0xe34	movl		rw
sim/operation/failures/rel_esys3	F	0xe38	movl		rw
sim/operation/failures/rel_esys4	F	0xe3c	movl		rw
sim/operation/failures/rel_esys5	F	0xe40	movl		rw
sim/operation/failures/rel_esys6	F	0xe44	movl		rw
sim/operation/failures/rel_ex_power_on	F	0xdc8	movl		rw
sim/operation/failures/rel_fadec_0	F	0x16a4	movl		rw
sim/operation/failures/rel_fadec_1	F	0x16a8	movl		rw
sim/operation/failures/rel_fadec_2	F	0x16ac	movl		rw
sim/operation/failures/rel_fadec_3	F	0x16b0	movl		rw
sim/operation/failures/rel_fadec_4	F	0x16b4	movl		rw
sim/operation/failures/rel_fadec_5	F	0x16b8	movl		rw
sim/operation/failures/rel_fadec_6	F	0x16bc	movl		rw
sim/operation/failures/rel_fadec_7	F	0x16c0	movl		rw
sim/operation/failures/rel_fc_L_flp	F	0x1814	movl		rw
sim/operation/failures/rel_fc_L_flp2	F	0x181c	movl		rw
sim/operation/failures/rel_fc_R_flp	F	0x1818	movl		rw
sim/operation/failures/rel_fc_R_flp2	F	0x1820	movl		rw
sim/operation/failures/rel_fc_slt	F	0xf74	movl		rw
sim/operation/failures/rel_fc_thr	F	0x1114	movl		rw
sim/operation/failures/rel_fcon_ailn_1_lft_cntr	F	0x1884	movl		rw
sim/operation/failures/rel_fcon_ailn_1_lft_gone	F	0x1924	movl		rw
sim/operation/failures/rel_fcon_ailn_1_lft_lock	F	0x17c4	movl		rw
sim/operation/failures/rel_fcon_ailn_1_lft_mxdn	F	0x18c4	movl		rw
sim/operation/failures/rel_fcon_ailn_1_lft_mxup	F	0x1824	movl		rw
sim/operation/failures/rel_fcon_ailn_1_rgt_cntr	F	0x1888	movl		rw
sim/operation/failures/rel_fcon_ailn_1_rgt_gone	F	0x1928	movl		rw
sim/operation/failures/rel_fcon_ailn_1_rgt_lock	F	0x17c8	movl		rw
sim/operation/failures/rel_fcon_ailn_1_rgt_mxdn	F	0x18c8	movl		rw
sim/operation/failures/rel_fcon_ailn_1_rgt_mxup	F	0x1828	movl		rw
sim/operation/failures/rel_fcon_ailn_2_lft_cntr	F	0x188c	movl		rw
sim/operation/failures/rel_fcon_ailn_2_lft_gone	F	0x192c	movl		rw
sim/operation/failures/rel_fcon_ailn_2_lft_lock	F	0x17cc	movl		rw
sim/operation/failures/rel_fcon_ailn_2_lft_mxdn	F	0x18cc	movl		rw
sim/operation/failures/rel_fcon_ailn_2_lft_mxup	F	0x182c	movl		rw
sim/operation/failures/rel_fcon_ailn_2_rgt_cntr	F	0x1890	movl		rw
sim/operation/failures/rel_fcon_ailn_2_rgt_gone	F	0x1930	movl		rw
sim/operation/failures/rel_fcon_ailn_2_rgt_lock	F	0x17d0	movl		rw
sim/operation/failures/rel_fcon_ailn_2_rgt_mxdn	F	0x18d0	movl		rw
sim/operation/failures/rel_fcon_ailn_2_rgt_mxup	F	0x1830	movl		rw
sim/operation/failures/rel_fcon_elev_1_lft_cntr	F	0x1894	movl		rw
sim/operation/failures/rel_fcon_elev_1_lft_gone	F	0x1934	movl		rw
sim/operation/failures/rel_fcon_elev_1_lft_lock	F	0x17d4	movl		rw
sim/operation/failures/rel_fcon_elev_1_lft_mxdn	F	0x18d4	movl		rw
sim/operation/failures/rel_fcon_elev_1_lft_mxup	F	0x1834	movl		rw
sim/operation/failures/rel_fcon_elev_1_rgt_cntr	F	0x1898	movl		rw
sim/operation/failures/rel_fcon_elev_1_rgt_gone	F	0x1938	movl		rw
sim/operation/failures/rel_fcon_elev_1_rgt_lock	F	0x17d8	movl		rw
sim/operation/failures/rel_fcon_elev_1_rgt_mxdn	F	0x18d8	movl		rw
sim/operation/failures/rel_fcon_elev_1_rgt_mxup	F	0x1838	movl		rw
sim/operation/failures/rel_fcon_elev_2_lft_cntr	F	0x189c	movl		rw
sim/operation/failures/rel_fcon_elev_2_lft_gone	F	0x193c	movl		rw
sim/operation/failures/rel_fcon_elev_2_lft_lock	F	0x17dc	movl		rw
sim/operation/failures/rel_fcon_elev_2_lft_mxdn	F	0x18dc	movl		rw
sim/operation/failures/rel_fcon_elev_2_lft_mxup	F	0x183c	movl		rw
sim/operation/failures/rel_fcon_elev_2_rgt_cntr	F	0x18a0	movl		rw
sim/operation/failures/rel_fcon_elev_2_rgt_gone	F	0x1940	movl		rw
sim/operation/failures/rel_fcon_elev_2_rgt_lock	F	0x17e0	movl		rw
sim/operation/failures/rel_fcon_elev_2_rgt_mxdn	F	0x18e0	movl		rw
sim/operation/failures/rel_fcon_elev_2_rgt_mxup	F	0x1840	movl		rw
sim/operation/failures/rel_fcon_flap_1_lft_gone	F	0x1974	movl		rw
sim/operation/failures/rel_fcon_flap_1_lft_lock	F	0x1814	movl		rw
sim/operation/failures/rel_fcon_flap_1_lft_mxdn	F	0x1914	movl		rw
sim/operation/failures/rel_fcon_flap_1_lft_mxup	F	0x1874	movl		rw
sim/operation/failures/rel_fcon_flap_1_rgt_gone	F	0x1978	movl		rw
sim/operation/failures/rel_fcon_flap_1_rgt_lock	F	0x1818	movl		rw
sim/operation/failures/rel_fcon_flap_1_rgt_mxdn	F	0x1918	movl		rw
sim/operation/failures/rel_fcon_flap_1_rgt_mxup	F	0x1878	movl		rw
sim/operation/failures/rel_fcon_flap_2_lft_gone	F	0x197c	movl		rw
sim/operation/failures/rel_fcon_flap_2_lft_lock	F	0x181c	movl		rw
sim/operation/failures/rel_fcon_flap_2_lft_mxdn	F	0x191c	movl		rw
sim/operation/failures/rel_fcon_flap_2_lft_mxup	F	0x187c	movl		rw
sim/operation/failures/rel_fcon_flap_2_rgt_gone	F	0x1980	movl		rw
sim/operation/failures/rel_fcon_flap_2_rgt_lock	F	0x1820	movl		rw
sim/operation/failures/rel_fcon_flap_2_rgt_mxdn	F	0x1920	movl		rw
sim/operation/failures/rel_fcon_flap_2_rgt_mxup	F	0x1880	movl		rw
sim/operation/failures/rel_fcon_rspo_1_lft_cntr	F	0x18ac	movl		rw
sim/operation/failures/rel_fcon_rspo_1_lft_gone	F	0x194c	movl		rw
sim/operation/failures/rel_fcon_rspo_1_lft_lock	F	0x17ec	movl		rw
sim/operation/failures/rel_fcon_rspo_1_lft_mxdn	F	0x18ec	movl		rw
sim/operation/failures/rel_fcon_rspo_1_lft_mxup	F	0x184c	movl		rw
sim/operation/failures/rel_fcon_rspo_1_rgt_cntr	F	0x18b0	movl		rw
sim/operation/failures/rel_fcon_rspo_1_rgt_gone	F	0x1950	movl		rw
sim/operation/failures/rel_fcon_rspo_1_rgt_lock	F	0x17f0	movl		rw
sim/operation/failures/rel_fcon_rspo_1_rgt_mxdn	F	0x18f0	movl		rw
sim/operation/failures/rel_fcon_rspo_1_rgt_mxup	F	0x1850	movl		rw
sim/operation/failures/rel_fcon_rspo_2_lft_cntr	F	0x18b4	movl		rw
sim/operation/failures/rel_fcon_rspo_2_lft_gone	F	0x1954	movl		rw
sim/operation/failures/rel_fcon_rspo_2_lft_lock	F	0x17f4	movl		rw
sim/operation/failures/rel_fcon_rspo_2_lft_mxdn	F	0x18f4	movl		rw
sim/operation/failures/rel_fcon_rspo_2_lft_mxup	F	0x1854	movl		rw
sim/operation/failures/rel_fcon_rspo_2_rgt_cntr	F	0x18b8	movl		rw
sim/operation/failures/rel_fcon_rspo_2_rgt_gone	F	0x1958	movl		rw
sim/operation/failures/rel_fcon_rspo_2_rgt_lock	F	0x17f8	movl		rw
sim/operation/failures/rel_fcon_rspo_2_rgt_mxdn	F	0x18f8	movl		rw
sim/operation/failures/rel_fcon_rspo_2_rgt_mxup	F	0x1858	movl		rw
sim/operation/failures/rel_fcon_rudd_1_ctr_cntr	F	0x18a4	movl		rw
sim/operation/failures/rel_fcon_rudd_1_ctr_gone	F	0x1944	movl		rw
sim/operation/failures/rel_fcon_rudd_1_ctr_lock	F	0x17e4	movl		rw
sim/operation/failures/rel_fcon_rudd_1_ctr_mxdn	F	0x18e4	movl		rw
sim/operation/failures/rel_fcon_rudd_1_ctr_mxup	F	0x1844	movl		rw
sim/operation/failures/rel_fcon_rudd_2_ctr_cntr	F	0x18a8	movl		rw
sim/operation/failures/rel_fcon_rudd_2_ctr_gone	F	0x1948	movl		rw
sim/operation/failures/rel_fcon_rudd_2_ctr_lock	F	0x17e8	movl		rw
sim/operation/failures/rel_fcon_rudd_2_ctr_mxdn	F	0x18e8	movl		rw
sim/operation/failures/rel_fcon_rudd_2_ctr_mxup	F	0x1848	movl		rw
sim/operation/failures/rel_fcon_sbrk_1_lft_gone	F	0x1964	movl		rw
sim/operation/failures/rel_fcon_sbrk_1_lft_lock	F	0x1804	movl		rw
sim/operation/failures/rel_fcon_sbrk_1_lft_mxdn	F	0x1904	movl		rw
sim/operation/failures/rel_fcon_sbrk_1_lft_mxup	F	0x1864	movl		rw
sim/operation/failures/rel_fcon_sbrk_1_rgt_gone	F	0x1968	movl		rw
sim/operation/failures/rel_fcon_sbrk_1_rgt_lock	F	0x1808	movl		rw
sim/operation/failures/rel_fcon_sbrk_1_rgt_mxdn	F	0x1908	movl		rw
sim/operation/failures/rel_fcon_sbrk_1_rgt_mxup	F	0x1868	movl		rw
sim/operation/failures/rel_fcon_sbrk_2_lft_gone	F	0x196c	movl		rw
sim/operation/failures/rel_fcon_sbrk_2_lft_lock	F	0x180c	movl		rw
sim/operation/failures/rel_fcon_sbrk_2_lft_mxdn	F	0x190c	movl		rw
sim/operation/failures/rel_fcon_sbrk_2_lft_mxup	F	0x186c	movl		rw
sim/operation/failures/rel_fcon_sbrk_2_rgt_gone	F	0x1970	movl		rw
sim/operation/failures/rel_fcon_sbrk_2_rgt_lock	F	0x1810	movl		rw
sim/operation/failures/rel_fcon_sbrk_2_rgt_mxdn	F	0x1910	movl		rw
sim/operation/failures/rel_fcon_sbrk_2_rgt_mxup	F	0x1870	movl		rw
sim/operation/failures/rel_fcon_yawb_x_lft_cntr	F	0x18bc	movl		rw
sim/operation/failures/rel_fcon_yawb_x_lft_gone	F	0x195c	movl		rw
sim/operation/failures/rel_fcon_yawb_x_lft_lock	F	0x17fc	movl		rw
sim/operation/failures/rel_fcon_yawb_x_lft_mxdn	F	0x18fc	movl		rw
sim/operation/failures/rel_fcon_yawb_x_lft_mxup	F	0x185c	movl		rw
sim/operation/failures/rel_fcon_yawb_x_rgt_cntr	F	0x18c0	movl		rw
sim/operation/failures/rel_fcon_yawb_x_rgt_gone	F	0x1960	movl		rw
sim/operation/failures/rel_fcon_yawb_x_rgt_lock	F	0x1800	movl		rw
sim/operation/failures/rel_fcon_yawb_x_rgt_mxdn	F	0x1900	movl		rw
sim/operation/failures/rel_fcon_yawb_x_rgt_mxup	F	0x1860	movl		rw
sim/operation/failures/rel_feather	F	0x111c	movl		rw
sim/operation/failures/rel_FF_ind0	F	0x125c	movl		rw
sim/operation/failures/rel_FF_ind1	F	0x1260	movl		rw
sim/operation/failures/rel_flap_act	F	0xf7c	movl		rw
sim/operation/failures/rel_flt_incursion	F	0xe24	movl		rw
sim/operation/failures/rel_fp_ind_0	F	0x1264	movl		rw
sim/operation/failures/rel_fp_ind_1	F	0x1268	movl		rw
sim/operation/failures/rel_fuel_block0	F	0xde4	movl		rw
sim/operation/failures/rel_fuel_block1	F	0xde8	movl		rw
sim/operation/failures/rel_fuel_block2	F	0xdec	movl		rw
sim/operation/failures/rel_fuel_block3	F	0xdf0	movl		rw
sim/operation/failures/rel_fuel_block4	F	0xdf4	movl		rw
sim/operation/failures/rel_fuel_block5	F	0xdf8	movl		rw
sim/operation/failures/rel_fuel_block6	F	0xdfc	movl		rw
sim/operation/failures/rel_fuel_block7	F	0xe00	movl		rw
sim/operation/failures/rel_fuel_block8	F	0xe04	movl		rw
sim/operation/failures/rel_fuel_leak	F	0xdd4	movl		rw
sim/operation/failures/rel_fuel_type	F	0xddc	movl		rw
sim/operation/failures/rel_fuel_water	F	0xdd8	movl		rw
sim/operation/failures/rel_fuelcap	F	0xdd0	movl		rw
sim/operation/failures/rel_fuelfl0	F	0x1464	movl		rw
sim/operation/failures/rel_fuelfl1	F	0x1468	movl		rw
sim/operation/failures/rel_fuelfl2	F	0x146c	movl		rw
sim/operation/failures/rel_fuelfl3	F	0x1470	movl		rw
sim/operation/failures/rel_fuelfl4	F	0x1474	movl		rw
sim/operation/failures/rel_fuelfl5	F	0x1478	movl		rw
sim/operation/failures/rel_fuelfl6	F	0x147c	movl		rw
sim/operation/failures/rel_fuelfl7	F	0x1480	movl		rw
sim/operation/failures/rel_fuepmp0	F	0x13e4	movl		rw
sim/operation/failures/rel_fuepmp1	F	0x13e8	movl		rw
sim/operation/failures/rel_fuepmp2	F	0x13ec	movl		rw
sim/operation/failures/rel_fuepmp3	F	0x13f0	movl		rw
sim/operation/failures/rel_fuepmp4	F	0x13f4	movl		rw
sim/operation/failures/rel_fuepmp5	F	0x13f8	movl		rw
sim/operation/failures/rel_fuepmp6	F	0x13fc	movl		rw
sim/operation/failures/rel_fuepmp7	F	0x1400	movl		rw
sim/operation/failures/rel_g_alt	F	0x12b0	movl		rw
sim/operation/failures/rel_g_arthorz	F	0x12a0	movl		rw
sim/operation/failures/rel_g_arthorz_2	F	0x12a4	movl		rw
sim/operation/failures/rel_g_asi	F	0x12ac	movl		rw
sim/operation/failures/rel_g_fuel	F	0x1170	movl		rw
sim/operation/failures/rel_g_gea	F	0x1294	movl		rw
sim/operation/failures/rel_g_gia1	F	0x128c	movl		rw
sim/operation/failures/rel_g_gia2	F	0x1290	movl		rw
sim/operation/failures/rel_g_magmtr	F	0x12a8	movl		rw
sim/operation/failures/rel_g_mfd	F	0x12c0	movl		rw
sim/operation/failures/rel_g_oat	F	0x1164	movl		rw
sim/operation/failures/rel_g_pfd	F	0x12b8	movl		rw
sim/operation/failures/rel_g_pfd2	F	0x12bc	movl		rw
sim/operation/failures/rel_g_vvi	F	0x12b4	movl		rw
sim/operation/failures/rel_g430_gps1	F	0x127c	movl		rw
sim/operation/failures/rel_g430_gps2	F	0x1280	movl		rw
sim/operation/failures/rel_g430_rad1_tune	F	0x1284	movl		rw
sim/operation/failures/rel_g430_rad2_tune	F	0x1288	movl		rw
sim/operation/failures/rel_gear_act	F	0xf80	movl		rw
sim/operation/failures/rel_gear_ind	F	0xf84	movl		rw
sim/operation/failures/rel_gear_warning	F	0x11c4	movl		rw
sim/operation/failures/rel_gen_esys	F	0x19ac	movl		rw
sim/operation/failures/rel_gen0_hi	F	0xe94	movl		rw
sim/operation/failures/rel_gen0_lo	F	0xe90	movl		rw
sim/operation/failures/rel_gen1_hi	F	0xe9c	movl		rw
sim/operation/failures/rel_gen1_lo	F	0xe98	movl		rw
sim/operation/failures/rel_genera0	F	0xe50	movl		rw
sim/operation/failures/rel_genera1	F	0xe54	movl		rw
sim/operation/failures/rel_genera2	F	0xe58	movl		rw
sim/operation/failures/rel_genera3	F	0xe5c	movl		rw
sim/operation/failures/rel_genera4	F	0xe60	movl		rw
sim/operation/failures/rel_genera5	F	0xe64	movl		rw
sim/operation/failures/rel_genera6	F	0xe68	movl		rw
sim/operation/failures/rel_genera7	F	0xe6c	movl		rw
sim/operation/failures/rel_gls	F	0x1200	movl		rw
sim/operation/failures/rel_govnr_0	F	0x1684	movl		rw
sim/operation/failures/rel_govnr_1	F	0x1688	movl		rw
sim/operation/failures/rel_govnr_2	F	0x168c	movl		rw
sim/operation/failures/rel_govnr_3	F	0x1690	movl		rw
sim/operation/failures/rel_govnr_4	F	0x1694	movl		rw
sim/operation/failures/rel_govnr_5	F	0x1698	movl		rw
sim/operation/failures/rel_govnr_6	F	0x169c	movl		rw
sim/operation/failures/rel_govnr_7	F	0x16a0	movl		rw
sim/operation/failures/rel_gp	F	0x1204	movl		rw
sim/operation/failures/rel_gps	F	0x11e8	movl		rw
sim/operation/failures/rel_gps2	F	0x11ec	movl		rw
sim/operation/failures/rel_hotsta0	F	0x1524	movl		rw
sim/operation/failures/rel_hotsta1	F	0x1528	movl		rw
sim/operation/failures/rel_hotsta2	F	0x152c	movl		rw
sim/operation/failures/rel_hotsta3	F	0x1530	movl		rw
sim/operation/failures/rel_hotsta4	F	0x1534	movl		rw
sim/operation/failures/rel_hotsta5	F	0x1538	movl		rw
sim/operation/failures/rel_hotsta6	F	0x153c	movl		rw
sim/operation/failures/rel_hotsta7	F	0x1540	movl		rw
sim/operation/failures/rel_hstbL	F	0x1724	movl		rw
sim/operation/failures/rel_hstbR	F	0x1728	movl		rw
sim/operation/failures/rel_hunsta0	F	0x14e4	movl		rw
sim/operation/failures/rel_hunsta1	F	0x14e8	movl		rw
sim/operation/failures/rel_hunsta2	F	0x14ec	movl		rw
sim/operation/failures/rel_hunsta3	F	0x14f0	movl		rw
sim/operation/failures/rel_hunsta4	F	0x14f4	movl		rw
sim/operation/failures/rel_hunsta5	F	0x14f8	movl		rw
sim/operation/failures/rel_hunsta6	F	0x14fc	movl		rw
sim/operation/failures/rel_hunsta7	F	0x1500	movl		rw
sim/operation/failures/rel_HVAC	F	0x10a8	movl		rw
sim/operation/failures/rel_hydleak	F	0x10f0	movl		rw
sim/operation/failures/rel_hydleak2	F	0x10f4	movl		rw
sim/operation/failures/rel_hydleak3	F	0x10f8	movl		rw
sim/operation/failures/rel_hydoverp	F	0x10fc	movl		rw
sim/operation/failures/rel_hydoverp2	F	0x1100	movl		rw
sim/operation/failures/rel_hydoverp3	F	0x1104	movl		rw
sim/operation/failures/rel_hydpmp	F	0x10d0	movl		rw
sim/operation/failures/rel_hydpmp_el2	F	0x10c4	movl		rw
sim/operation/failures/rel_hydpmp_el3	F	0x10c8	movl		rw
sim/operation/failures/rel_hydpmp_ele	F	0x10c0	movl		rw
sim/operation/failures/rel_hydpmp2	F	0x10d4	movl		rw
sim/operation/failures/rel_hydpmp3	F	0x10d8	movl		rw
sim/operation/failures/rel_hydpmp4	F	0x10dc	movl		rw
sim/operation/failures/rel_hydpmp5	F	0x10e0	movl		rw
sim/operation/failures/rel_hydpmp6	F	0x10e4	movl		rw
sim/operation/failures/rel_hydpmp7	F	0x10e8	movl		rw
sim/operation/failures/rel_hydpmp8	F	0x10ec	movl		rw
sim/operation/failures/rel_hydptu	F	0x10cc	movl		rw
sim/operation/failures/rel_ice_alt_air1	F	0x1060	movl		rw
sim/operation/failures/rel_ice_alt_air2	F	0x1064	movl		rw
sim/operation/failures/rel_ice_AOA_heat	F	0x1038	movl		rw
sim/operation/failures/rel_ice_AOA_heat2	F	0x103c	movl		rw
sim/operation/failures/rel_ice_brake_heat	F	0x101c	movl		rw
sim/operation/failures/rel_ice_detect	F	0x1008	movl		rw
sim/operation/failures/rel_ice_inlet_heat	F	0x1068	movl		rw
sim/operation/failures/rel_ice_inlet_heat2	F	0x106c	movl		rw
sim/operation/failures/rel_ice_inlet_heat3	F	0x1070	movl		rw
sim/operation/failures/rel_ice_inlet_heat4	F	0x1074	movl		rw
sim/operation/failures/rel_ice_inlet_heat5	F	0x1078	movl		rw
sim/operation/failures/rel_ice_inlet_heat6	F	0x107c	movl		rw
sim/operation/failures/rel_ice_inlet_heat7	F	0x1080	movl		rw
sim/operation/failures/rel_ice_inlet_heat8	F	0x1084	movl		rw
sim/operation/failures/rel_ice_pitot_heat_stby	F	0x1028	movl		rw
sim/operation/failures/rel_ice_pitot_heat1	F	0x1020	movl		rw
sim/operation/failures/rel_ice_pitot_heat2	F	0x1024	movl		rw
sim/operation/failures/rel_ice_prop_heat	F	0x1088	movl		rw
sim/operation/failures/rel_ice_prop_heat2	F	0x108c	movl		rw
sim/operation/failures/rel_ice_prop_heat3	F	0x1090	movl		rw
sim/operation/failures/rel_ice_prop_heat4	F	0x1094	movl		rw
sim/operation/failures/rel_ice_prop_heat5	F	0x1098	movl		rw
sim/operation/failures/rel_ice_prop_heat6	F	0x109c	movl		rw
sim/operation/failures/rel_ice_prop_heat7	F	0x10a0	movl		rw
sim/operation/failures/rel_ice_prop_heat8	F	0x10a4	movl		rw
sim/operation/failures/rel_ice_static_heat	F	0x102c	movl		rw
sim/operation/failures/rel_ice_static_heat_stby	F	0x1034	movl		rw
sim/operation/failures/rel_ice_static_heat2	F	0x1030	movl		rw
sim/operation/failures/rel_ice_surf_heat	F	0x1050	movl		rw
sim/operation/failures/rel_ice_surf_heat2	F	0x1054	movl		rw
sim/operation/failures/rel_ice_TAT_heat	F	0x1044	movl		rw
sim/operation/failures/rel_ice_TAT_heat2	F	0x1048	movl		rw
sim/operation/failures/rel_ice_TAT_heat3	F	0x104c	movl		rw
sim/operation/failures/rel_ice_window_heat	F	0x100c	movl		rw
sim/operation/failures/rel_ice_window_heat_cop	F	0x1010	movl		rw
sim/operation/failures/rel_ice_window_heat_l_side	F	0x1014	movl		rw
sim/operation/failures/rel_ice_window_heat_r_side	F	0x1018	movl		rw
sim/operation/failures/rel_ignitr0	F	0x14c4	movl		rw
sim/operation/failures/rel_ignitr1	F	0x14c8	movl		rw
sim/operation/failures/rel_ignitr2	F	0x14cc	movl		rw
sim/operation/failures/rel_ignitr3	F	0x14d0	movl		rw
sim/operation/failures/rel_ignitr4	F	0x14d4	movl		rw
sim/operation/failures/rel_ignitr5	F	0x14d8	movl		rw
sim/operation/failures/rel_ignitr6	F	0x14dc	movl		rw
sim/operation/failures/rel_ignitr7	F	0x14e0	movl		rw
sim/operation/failures/rel_invert0	F	0xe48	movl		rw
sim/operation/failures/rel_invert1	F	0xe4c	movl		rw
sim/operation/failures/rel_ITTind0	F	0x124c	movl		rw
sim/operation/failures/rel_ITTind1	F	0x1250	movl		rw
sim/operation/failures/rel_L_flp_off	F	0x1974	movl		rw
sim/operation/failures/rel_L_flp2_off	F	0x197c	movl		rw
sim/operation/failures/rel_lagear_10	F	0xfb4	movl		rw
sim/operation/failures/rel_lagear_6	F	0xfa4	movl		rw
sim/operation/failures/rel_lagear_7	F	0xfa8	movl		rw
sim/operation/failures/rel_lagear_8	F	0xfac	movl		rw
sim/operation/failures/rel_lagear_9	F	0xfb0	movl		rw
sim/operation/failures/rel_lagear1	F	0xf90	movl		rw
sim/operation/failures/rel_lagear2	F	0xf94	movl		rw
sim/operation/failures/rel_lagear3	F	0xf98	movl		rw
sim/operation/failures/rel_lagear4	F	0xf9c	movl		rw
sim/operation/failures/rel_lagear5	F	0xfa0	movl		rw
sim/operation/failures/rel_lbrakes	F	0xf88	movl		rw
sim/operation/failures/rel_lites_beac	F	0xeb8	movl		rw
sim/operation/failures/rel_lites_hud	F	0xecc	movl		rw
sim/operation/failures/rel_lites_ins	F	0xec4	movl		rw
sim/operation/failures/rel_lites_land	F	0xec0	movl		rw
sim/operation/failures/rel_lites_nav	F	0xeb0	movl		rw
sim/operation/failures/rel_lites_strobe	F	0xeb4	movl		rw
sim/operation/failures/rel_lites_taxi	F	0xebc	movl		rw
sim/operation/failures/rel_lo_press_fuepmp0	F	0x13c4	movl		rw
sim/operation/failures/rel_lo_press_fuepmp1	F	0x13c8	movl		rw
sim/operation/failures/rel_lo_press_fuepmp2	F	0x13cc	movl		rw
sim/operation/failures/rel_lo_press_fuepmp3	F	0x13d0	movl		rw
sim/operation/failures/rel_lo_press_fuepmp4	F	0x13d4	movl		rw
sim/operation/failures/rel_lo_press_fuepmp5	F	0x13d8	movl		rw
sim/operation/failures/rel_lo_press_fuepmp6	F	0x13dc	movl		rw
sim/operation/failures/rel_lo_press_fuepmp7	F	0x13e0	movl		rw
sim/operation/failures/rel_loc	F	0x11fc	movl		rw
sim/operation/failures/rel_lower_battery	F	0x1994	movl		rw
sim/operation/failures/rel_lower_IMU	F	0x198c	movl		rw
sim/operation/failures/rel_lrn1	F	0x11f0	movl		rw
sim/operation/failures/rel_lrn2	F	0x11f4	movl		rw
sim/operation/failures/rel_magLFT0	F	0x1304	movl		rw
sim/operation/failures/rel_magLFT1	F	0x1308	movl		rw
sim/operation/failures/rel_magLFT2	F	0x130c	movl		rw
sim/operation/failures/rel_magLFT3	F	0x1310	movl		rw
sim/operation/failures/rel_magLFT4	F	0x1314	movl		rw
sim/operation/failures/rel_magLFT5	F	0x1318	movl		rw
sim/operation/failures/rel_magLFT6	F	0x131c	movl		rw
sim/operation/failures/rel_magLFT7	F	0x1320	movl		rw
sim/operation/failures/rel_magRGT0	F	0x1324	movl		rw
sim/operation/failures/rel_magRGT1	F	0x1328	movl		rw
sim/operation/failures/rel_magRGT2	F	0x132c	movl		rw
sim/operation/failures/rel_magRGT3	F	0x1330	movl		rw
sim/operation/failures/rel_magRGT4	F	0x1334	movl		rw
sim/operation/failures/rel_magRGT5	F	0x1338	movl		rw
sim/operation/failures/rel_magRGT6	F	0x133c	movl		rw
sim/operation/failures/rel_magRGT7	F	0x1340	movl		rw
sim/operation/failures/rel_marker	F	0x120c	movl		rw
sim/operation/failures/rel_MP_ind_0	F	0x122c	movl		rw
sim/operation/failures/rel_MP_ind_1	F	0x1230	movl		rw
sim/operation/failures/rel_mwing1	F	0x1734	movl		rw
sim/operation/failures/rel_mwing10	F	0x1758	movl		rw
sim/operation/failures/rel_mwing11	F	0x175c	movl		rw
sim/operation/failures/rel_mwing12	F	0x1760	movl		rw
sim/operation/failures/rel_mwing13	F	0x1764	movl		rw
sim/operation/failures/rel_mwing14	F	0x1768	movl		rw
sim/operation/failures/rel_mwing15	F	0x176c	movl		rw
sim/operation/failures/rel_mwing16	F	0x1770	movl		rw
sim/operation/failures/rel_mwing17	F	0x1774	movl		rw
sim/operation/failures/rel_mwing18	F	0x1778	movl		rw
sim/operation/failures/rel_mwing19	F	0x177c	movl		rw
sim/operation/failures/rel_mwing2	F	0x1738	movl		rw
sim/operation/failures/rel_mwing20	F	0x1780	movl		rw
sim/operation/failures/rel_mwing21	F	0x1784	movl		rw
sim/operation/failures/rel_mwing22	F	0x1788	movl		rw
sim/operation/failures/rel_mwing23	F	0x178c	movl		rw
sim/operation/failures/rel_mwing24	F	0x1790	movl		rw
sim/operation/failures/rel_mwing25	F	0x1794	movl		rw
sim/operation/failures/rel_mwing26	F	0x1798	movl		rw
sim/operation/failures/rel_mwing27	F	0x179c	movl		rw
sim/operation/failures/rel_mwing28	F	0x17a0	movl		rw
sim/operation/failures/rel_mwing29	F	0x17a4	movl		rw
sim/operation/failures/rel_mwing3	F	0x173c	movl		rw
sim/operation/failures/rel_mwing30	F	0x17a8	movl		rw
sim/operation/failures/rel_mwing31	F	0x17ac	movl		rw
sim/operation/failures/rel_mwing32	F	0x17b0	movl		rw
sim/operation/failures/rel_mwing33	F	0x17b4	movl		rw
sim/operation/failures/rel_mwing34	F	0x17b8	movl		rw
sim/operation/failures/rel_mwing35	F	0x17bc	movl		rw
sim/operation/failures/rel_mwing36	F	0x17c0	movl		rw
sim/operation/failures/rel_mwing4	F	0x1740	movl		rw
sim/operation/failures/rel_mwing5	F	0x1744	movl		rw
sim/operation/failures/rel_mwing6	F	0x1748	movl		rw
sim/operation/failures/rel_mwing7	F	0x174c	movl		rw
sim/operation/failures/rel_mwing8	F	0x1750	movl		rw
sim/operation/failures/rel_mwing9	F	0x1754	movl		rw
sim/operation/failures/rel_N1_ind0	F	0x121c	movl		rw
sim/operation/failures/rel_N1_ind1	F	0x1220	movl		rw
sim/operation/failures/rel_N2_ind0	F	0x1224	movl		rw
sim/operation/failures/rel_N2_ind1	F	0x1228	movl		rw
sim/operation/failures/rel_nav1	F	0x11d0	movl		rw
sim/operation/failures/rel_nav2	F	0x11d4	movl		rw
sim/operation/failures/rel_navcom1	F	0x11c8	movl		rw
sim/operation/failures/rel_navcom2	F	0x11cc	movl		rw
sim/operation/failures/rel_oilp_ind_0	F	0x126c	movl		rw
sim/operation/failures/rel_oilp_ind_1	F	0x1270	movl		rw
sim/operation/failures/rel_oilpmp0	F	0x16c4	movl		rw
sim/operation/failures/rel_oilpmp1	F	0x16c8	movl		rw
sim/operation/failures/rel_oilpmp2	F	0x16cc	movl		rw
sim/operation/failures/rel_oilpmp3	F	0x16d0	movl		rw
sim/operation/failures/rel_oilpmp4	F	0x16d4	movl		rw
sim/operation/failures/rel_oilpmp5	F	0x16d8	movl		rw
sim/operation/failures/rel_oilpmp6	F	0x16dc	movl		rw
sim/operation/failures/rel_oilpmp7	F	0x16e0	movl		rw
sim/operation/failures/rel_oilt_ind_0	F	0x1274	movl		rw
sim/operation/failures/rel_oilt_ind_1	F	0x1278	movl		rw
sim/operation/failures/rel_otto	F	0xed4	movl		rw
sim/operation/failures/rel_pass_o2_on	F	0xdcc	movl		rw
sim/operation/failures/rel_pil_radalt	F	0x11b8	movl		rw
sim/operation/failures/rel_pitot	F	0x1140	movl		rw
sim/operation/failures/rel_pitot_stby	F	0x1148	movl		rw
sim/operation/failures/rel_pitot2	F	0x1144	movl		rw
sim/operation/failures/rel_prop_sync	F	0x1118	movl		rw
sim/operation/failures/rel_prpcrs0	F	0x1584	movl		rw
sim/operation/failures/rel_prpcrs1	F	0x1588	movl		rw
sim/operation/failures/rel_prpcrs2	F	0x158c	movl		rw
sim/operation/failures/rel_prpcrs3	F	0x1590	movl		rw
sim/operation/failures/rel_prpcrs4	F	0x1594	movl		rw
sim/operation/failures/rel_prpcrs5	F	0x1598	movl		rw
sim/operation/failures/rel_prpcrs6	F	0x159c	movl		rw
sim/operation/failures/rel_prpcrs7	F	0x15a0	movl		rw
sim/operation/failures/rel_prpfin0	F	0x1564	movl		rw
sim/operation/failures/rel_prpfin1	F	0x1568	movl		rw
sim/operation/failures/rel_prpfin2	F	0x156c	movl		rw
sim/operation/failures/rel_prpfin3	F	0x1570	movl		rw
sim/operation/failures/rel_prpfin4	F	0x1574	movl		rw
sim/operation/failures/rel_prpfin5	F	0x1578	movl		rw
sim/operation/failures/rel_prpfin6	F	0x157c	movl		rw
sim/operation/failures/rel_prpfin7	F	0x1580	movl		rw
sim/operation/failures/rel_prpsep0	F	0x15a4	movl		rw
sim/operation/failures/rel_prpsep1	F	0x15a8	movl		rw
sim/operation/failures/rel_prpsep2	F	0x15ac	movl		rw
sim/operation/failures/rel_prpsep3	F	0x15b0	movl		rw
sim/operation/failures/rel_prpsep4	F	0x15b4	movl		rw
sim/operation/failures/rel_prpsep5	F	0x15b8	movl		rw
sim/operation/failures/rel_prpsep6	F	0x15bc	movl		rw
sim/operation/failures/rel_prpsep7	F	0x15c0	movl		rw
sim/operation/failures/rel_pshaft0	F	0x15c4	movl		rw
sim/operation/failures/rel_pshaft1	F	0x15c8	movl		rw
sim/operation/failures/rel_pshaft2	F	0x15cc	movl		rw
sim/operation/failures/rel_pshaft3	F	0x15d0	movl		rw
sim/operation/failures/rel_pshaft4	F	0x15d4	movl		rw
sim/operation/failures/rel_pshaft5	F	0x15d8	movl		rw
sim/operation/failures/rel_pshaft6	F	0x15dc	movl		rw
sim/operation/failures/rel_pshaft7	F	0x15e0	movl		rw
sim/operation/failures/rel_R_flp_off	F	0x1978	movl		rw
sim/operation/failures/rel_R_flp2_off	F	0x1980	movl		rw
sim/operation/failures/rel_rbrakes	F	0xf8c	movl		rw
sim/operation/failures/rel_revdep0	F	0x1624	movl		rw
sim/operation/failures/rel_revdep1	F	0x1628	movl		rw
sim/operation/failures/rel_revdep2	F	0x162c	movl		rw
sim/operation/failures/rel_revdep3	F	0x1630	movl		rw
sim/operation/failures/rel_revdep4	F	0x1634	movl		rw
sim/operation/failures/rel_revdep5	F	0x1638	movl		rw
sim/operation/failures/rel_revdep6	F	0x163c	movl		rw
sim/operation/failures/rel_revdep7	F	0x1640	movl		rw
sim/operation/failures/rel_revers0	F	0x1604	movl		rw
sim/operation/failures/rel_revers1	F	0x1608	movl		rw
sim/operation/failures/rel_revers2	F	0x160c	movl		rw
sim/operation/failures/rel_revers3	F	0x1610	movl		rw
sim/operation/failures/rel_revers4	F	0x1614	movl		rw
sim/operation/failures/rel_revers5	F	0x1618	movl		rw
sim/operation/failures/rel_revers6	F	0x161c	movl		rw
sim/operation/failures/rel_revers7	F	0x1620	movl		rw
sim/operation/failures/rel_revloc0	F	0x1644	movl		rw
sim/operation/failures/rel_revloc1	F	0x1648	movl		rw
sim/operation/failures/rel_revloc2	F	0x164c	movl		rw
sim/operation/failures/rel_revloc3	F	0x1650	movl		rw
sim/operation/failures/rel_revloc4	F	0x1654	movl		rw
sim/operation/failures/rel_revloc5	F	0x1658	movl		rw
sim/operation/failures/rel_revloc6	F	0x165c	movl		rw
sim/operation/failures/rel_revloc7	F	0x1660	movl		rw
sim/operation/failures/rel_RPM_ind_0	F	0x1214	movl		rw
sim/operation/failures/rel_RPM_ind_1	F	0x1218	movl		rw
sim/operation/failures/rel_rud_L	F	0xefc	movl		rw
sim/operation/failures/rel_rud_L_jam	F	0xf14	movl		rw
sim/operation/failures/rel_rud_L1	F	0xf00	movl		rw
sim/operation/failures/rel_rud_L2	F	0xf04	movl		rw
sim/operation/failures/rel_rud_R	F	0xf08	movl		rw
sim/operation/failures/rel_rud_R_jam	F	0xf18	movl		rw
sim/operation/failures/rel_rud_R1	F	0xf0c	movl		rw
sim/operation/failures/rel_rud_R2	F	0xf10	movl		rw
sim/operation/failures/rel_rud_trim_run	F	0xf68	movl		rw
sim/operation/failures/rel_runITT0	F	0x1544	movl		rw
sim/operation/failures/rel_runITT1	F	0x1548	movl		rw
sim/operation/failures/rel_runITT2	F	0x154c	movl		rw
sim/operation/failures/rel_runITT3	F	0x1550	movl		rw
sim/operation/failures/rel_runITT4	F	0x1554	movl		rw
sim/operation/failures/rel_runITT5	F	0x1558	movl		rw
sim/operation/failures/rel_runITT6	F	0x155c	movl		rw
sim/operation/failures/rel_runITT7	F	0x1560	movl		rw
sim/operation/failures/rel_rwy_incursion_1	F	0xe28	movl		rw
sim/operation/failures/rel_rwy_incursion_2	F	0xe2c	movl		rw
sim/operation/failures/rel_rwy_lites	F	0xe08	movl		rw
sim/operation/failures/rel_seize_0	F	0x15e4	movl		rw
sim/operation/failures/rel_seize_1	F	0x15e8	movl		rw
sim/operation/failures/rel_seize_2	F	0x15ec	movl		rw
sim/operation/failures/rel_seize_3	F	0x15f0	movl		rw
sim/operation/failures/rel_seize_4	F	0x15f4	movl		rw
sim/operation/failures/rel_seize_5	F	0x15f8	movl		rw
sim/operation/failures/rel_seize_6	F	0x15fc	movl		rw
sim/operation/failures/rel_seize_7	F	0x1600	movl		rw
sim/operation/failures/rel_servo_ailn	F	0xee0	movl		rw
sim/operation/failures/rel_servo_elev	F	0xee4	movl		rw
sim/operation/failures/rel_servo_rudd	F	0xed0	movl		rw
sim/operation/failures/rel_servo_thro	F	0xee8	movl		rw
sim/operation/failures/rel_smoke_cpit	F	0xde0	movl		rw
sim/operation/failures/rel_ss_ahz	F	0x1178	movl		rw
sim/operation/failures/rel_ss_alt	F	0x117c	movl		rw
sim/operation/failures/rel_ss_asi	F	0x1174	movl		rw
sim/operation/failures/rel_ss_dgy	F	0x1184	movl		rw
sim/operation/failures/rel_ss_tsi	F	0x1180	movl		rw
sim/operation/failures/rel_ss_vvi	F	0x1188	movl		rw
sim/operation/failures/rel_stall_warn	F	0x11c0	movl		rw
sim/operation/failures/rel_startr0	F	0x14a4	movl		rw
sim/operation/failures/rel_startr1	F	0x14a8	movl		rw
sim/operation/failures/rel_startr2	F	0x14ac	movl		rw
sim/operation/failures/rel_startr3	F	0x14b0	movl		rw
sim/operation/failures/rel_startr4	F	0x14b4	movl		rw
sim/operation/failures/rel_startr5	F	0x14b8	movl		rw
sim/operation/failures/rel_startr6	F	0x14bc	movl		rw
sim/operation/failures/rel_startr7	F	0x14c0	movl		rw
sim/operation/failures/rel_stat_A0	F	0x12c4	movl		rw
sim/operation/failures/rel_stat_A1	F	0x12c8	movl		rw
sim/operation/failures/rel_stat_A2	F	0x12cc	movl		rw
sim/operation/failures/rel_stat_A3	F	0x12d0	movl		rw
sim/operation/failures/rel_stat_A4	F	0x12d4	movl		rw
sim/operation/failures/rel_stat_A5	F	0x12d8	movl		rw
sim/operation/failures/rel_stat_A6	F	0x12dc	movl		rw
sim/operation/failures/rel_stat_A7	F	0x12e0	movl		rw
sim/operation/failures/rel_stat_B0	F	0x12e4	movl		rw
sim/operation/failures/rel_stat_B1	F	0x12e8	movl		rw
sim/operation/failures/rel_stat_B2	F	0x12ec	movl		rw
sim/operation/failures/rel_stat_B3	F	0x12f0	movl		rw
sim/operation/failures/rel_stat_B4	F	0x12f4	movl		rw
sim/operation/failures/rel_stat_B5	F	0x12f8	movl		rw
sim/operation/failures/rel_stat_B6	F	0x12fc	movl		rw
sim/operation/failures/rel_stat_B7	F	0x1300	movl		rw
sim/operation/failures/rel_static	F	0x114c	movl		rw
sim/operation/failures/rel_static_stby	F	0x1154	movl		rw
sim/operation/failures/rel_static_stby_err	F	0x1160	movl		rw
sim/operation/failures/rel_static1_err	F	0x1158	movl		rw
sim/operation/failures/rel_static2	F	0x1150	movl		rw
sim/operation/failures/rel_static2_err	F	0x115c	movl		rw
sim/operation/failures/rel_stbaug	F	0xeec	movl		rw
sim/operation/failures/rel_stby_AOA	F	0x11b4	movl		rw
sim/operation/failures/rel_tat_2	F	0x1168	movl		rw
sim/operation/failures/rel_tat_stby	F	0x116c	movl		rw
sim/operation/failures/rel_throt_hi	F	0x1110	movl		rw
sim/operation/failures/rel_throt_lo	F	0x110c	movl		rw
sim/operation/failures/rel_tire_10	F	0x1004	movl		rw
sim/operation/failures/rel_tire_6	F	0xff4	movl		rw
sim/operation/failures/rel_tire_7	F	0xff8	movl		rw
sim/operation/failures/rel_tire_8	F	0xffc	movl		rw
sim/operation/failures/rel_tire_9	F	0x1000	movl		rw
sim/operation/failures/rel_tire1	F	0xfe0	movl		rw
sim/operation/failures/rel_tire2	F	0xfe4	movl		rw
sim/operation/failures/rel_tire3	F	0xfe8	movl		rw
sim/operation/failures/rel_tire4	F	0xfec	movl		rw
sim/operation/failures/rel_tire5	F	0xff0	movl		rw
sim/operation/failures/rel_trim_ail	F	0xf60	movl		rw
sim/operation/failures/rel_trim_elv	F	0xf64	movl		rw
sim/operation/failures/rel_trim_rud	F	0xf5c	movl		rw
sim/operation/failures/rel_trotor	F	0x1120	movl		rw
sim/operation/failures/rel_TRQind0	F	0x1234	movl		rw
sim/operation/failures/rel_TRQind1	F	0x1238	movl		rw
sim/operation/failures/rel_upper_battery	F	0x1990	movl		rw
sim/operation/failures/rel_upper_IMU	F	0x1988	movl		rw
sim/operation/failures/rel_vacuum	F	0x112c	movl		rw
sim/operation/failures/rel_vacuum_stby	F	0x1134	movl		rw
sim/operation/failures/rel_vacuum2	F	0x1130	movl		rw
sim/operation/failures/rel_vasi	F	0xe0c	movl		rw
sim/operation/failures/rel_vector_actuator	F	0x1984	movl		rw
sim/operation/failures/rel_vstb1	F	0x172c	movl		rw
sim/operation/failures/rel_vstb2	F	0x1730	movl		rw
sim/operation/failures/rel_wind_shear	F	0xe1c	movl		rw
sim/operation/failures/rel_wing1L	F	0x1704	movl		rw
sim/operation/failures/rel_wing1R	F	0x1708	movl		rw
sim/operation/failures/rel_wing2L	F	0x170c	movl		rw
sim/operation/failures/rel_wing2R	F	0x1710	movl		rw
sim/operation/failures/rel_wing3L	F	0x1714	movl		rw
sim/operation/failures/rel_wing3R	F	0x1718	movl		rw
sim/operation/failures/rel_wing4L	F	0x171c	movl		rw
sim/operation/failures/rel_wing4R	F	0x1720	movl		rw
sim/operation/failures/rel_wxr_radar	F	0x120c	movl		rw
sim/operation/failures/rel_xpndr	F	0x1208	movl		rw
sim/operation/override/override_adf	F	0x6830	movl		rw
sim/operation/override/override_annunciators	F	0x687c	movl		rw
sim/operation/override/override_artstab	F	0x6804	movl		rw
sim/operation/override/override_autopilot	F	0x67c8	movl		rw
sim/operation/override/override_cht_oilt	F	0x6888	movl		rw
sim/operation/override/override_control_surfaces	F	0x6820	movl		rw
sim/operation/override/override_dme	F	0x6840	movl		rw
sim/operation/override/override_drogue	F	0x6890	movl		rw
sim/operation/override/override_engine_forces	F	0x676c	movl		rw
sim/operation/override/override_engines	F	0x6760	movl		rw
sim/operation/override/override_esp	F	0x67c4	movl		rw
sim/operation/override/override_FADEC	F	0x67e8	movl		rw
sim/operation/override/override_flightcontrol	F	0x6808	movl		rw
sim/operation/override/override_flightdir	F	0x686c	movl		rw
sim/operation/override/override_flightdir_ptch	F	0x6870	movl		rw
sim/operation/override/override_flightdir_roll	F	0x6874	movl		rw
sim/operation/override/override_forces	F	0x675c	movl		rw
sim/operation/override/override_fuel_flow	F	0x6880	movl		rw
sim/operation/override/override_fuel_system	F	0xbb40	movl		rw
sim/operation/override/override_gear_forces	F	0x6770	movl		rw
sim/operation/override/override_gearbrake	F	0x6824	movl		rw
sim/operation/override/override_gps	F	0x6838	movl		rw
sim/operation/override/override_GPU_volts	F	0x6894	movl		rw
sim/operation/override/override_groundplane	F	0x42f88	movl		rw
sim/operation/override/override_gs	F	0x67f8	movl		rw
sim/operation/override/override_ias	F	0x688c	movl		rw
sim/operation/override/override_itt_egt	F	0x6884	movl		rw
sim/operation/override/override_joystick	F	0x67fc	movl		rw
sim/operation/override/override_joystick_heading	F	0x67cc	movl		rw
sim/operation/override/override_joystick_heading_copilot	F	0x67d8	movl		rw
sim/operation/override/override_joystick_pitch	F	0x67d0	movl		rw
sim/operation/override/override_joystick_pitch_copilot	F	0x67dc	movl		rw
sim/operation/override/override_joystick_roll	F	0x67d4	movl		rw
sim/operation/override/override_joystick_roll_copilot	F	0x67e0	movl		rw
sim/operation/override/override_mixture	F	0x67f0	movl		rw
sim/operation/override/override_nav_heading	F	0x6898	movl		rw
sim/operation/override/override_nav1_needles	F	0x6828	movl		rw
sim/operation/override/override_nav2_needles	F	0x682c	movl		rw
sim/operation/override/override_navneedles	F	0x6828	movl		rw
sim/operation/override/override_oxygen_system	F	0x68a4	movl		rw
sim/operation/override/override_pitch_trim	F	0x680c	movl		rw
sim/operation/override/override_pressurization	F	0x68a0	movl		rw
sim/operation/override/override_prop_mode	F	0x67f4	movl		rw
sim/operation/override/override_prop_pitch	F	0x67ec	movl		rw
sim/operation/override/override_roll_trim	F	0x6810	movl		rw
sim/operation/override/override_slung_load_size	F	0x68a8	movl		rw
sim/operation/override/override_TCAS	F	0x6774	movl		rw
sim/operation/override/override_throttles	F	0x67e4	movl		rw
sim/operation/override/override_torque_motors	F	0x6764	movl		rw
sim/operation/override/override_wheel_steer	F	0x689c	movl		rw
sim/operation/override/override_wing_forces	F	0x6768	movl		rw
sim/operation/override/override_yaw_trim	F	0x6814	movl		rw
sim/operation/prefs/misc/language	0x142f05d40	0x108	movl		ro
sim/operation/sound/users_canopy_open_ratio	F	0x6524	movss		ro
sim/physics/earth_pressure_p	0x1461020e0	0xc040	movss		ro
sim/physics/g_sealevel	F	0x78	movss		ro
sim/private/net_disables/ai_loc[0]	F	0x6754	movl		rw
sim/private/net_disables/ai_loc[1]	F	0x6754	movl		rw
sim/private/net_disables/ai_loc[10]	F	0x6754	movl		rw
sim/private/net_disables/ai_loc[11]	F	0x6754	movl		rw
sim/private/net_disables/ai_loc[12]	F	0x6754	movl		rw
sim/private/net_disables/ai_loc[13]	F	0x6754	movl		rw
sim/private/net_disables/ai_loc[14]	F	0x6754	movl		rw
sim/private/net_disables/ai_loc[15]	F	0x6754	movl		rw
sim/private/net_disables/ai_loc[16]	F	0x6754	movl		rw
sim/private/net_disables/ai_loc[17]	F	0x6754	movl		rw
sim/private/net_disables/ai_loc[18]	F	0x6754	movl		rw
sim/private/net_disables/ai_loc[19]	F	0x6754	movl		rw
sim/private/net_disables/ai_loc[2]	F	0x6754	movl		rw
sim/private/net_disables/ai_loc[3]	F	0x6754	movl		rw
sim/private/net_disables/ai_loc[4]	F	0x6754	movl		rw
sim/private/net_disables/ai_loc[5]	F	0x6754	movl		rw
sim/private/net_disables/ai_loc[6]	F	0x6754	movl		rw
sim/private/net_disables/ai_loc[7]	F	0x6754	movl		rw
sim/private/net_disables/ai_loc[8]	F	0x6754	movl		rw
sim/private/net_disables/ai_loc[9]	F	0x6754	movl		rw
sim/weather/aircraft/barometer_current_pas	0x1461020e0	0x68	movss		ro
sim/weather/aircraft/gravity_mss	0x1461020e0	0x78	movss		ro
sim/weather/aircraft/hail_on_aircraft_ratio	0x1461020e0	0xc210	movss		ro
sim/weather/aircraft/precipitation_on_aircraft_ratio	0x1461020e0	0xc208	movss		ro
sim/weather/aircraft/snow_on_aircraft_ratio	0x1461020e0	0xc20c	movss		ro
sim/weather/aircraft/speed_sound_ms	0x1461020e0	0x74	movss		ro
sim/weather/aircraft/temperature_ambient_deg_c	0x1461020e0	0x5c	movss		ro
sim/weather/aircraft/temperature_leadingedge_deg_c	0x1461020e0	0x64	movss		ro
sim/weather/aircraft/thermal_rate_ms	0x1461020e0	0xc1e8	movss		ro
sim/weather/aircraft/visibility_reported_sm	0x1461020e0	0xbfc8	movss		ro
sim/weather/aircraft/wave_amplitude	0x1461020e0	0xc1ec	movss		ro
sim/weather/aircraft/wave_length	0x1461020e0	0xc1ec	movss	*12.0	ro
sim/weather/aircraft/wind_now_x_msc	0x1461020e0	0xc214	movss		ro
sim/weather/aircraft/wind_now_y_msc	0x1461020e0	0xc218	movss		ro
sim/weather/aircraft/wind_now_z_msc	0x1461020e0	0xc21c	movss		ro
sim/weather/rho	F	0x6c	movss		ro
sim/weather/sigma	F	0x70	movss		ro
